 ,KETERANGAN,TANGGAL,URAIAN,NO_BUKTI, DBT_KAS ,K_QRIS BNI,BANK BJB,PHOTOCOPY,KANTI N,K_PENJ_  B_ POKOKP,penjualan kredit,K_REALISASI_ B_ POKOK,K_DANA_ BINGKISAN,K_RETUR_ B_ POKOK,K_VOUCHER_ BELANJA,DANA SERTAAN,HUTANG TOKO,TRX BJB,Column4,Column5,Column6,Column7,Column8,BULAN,Column1,,,,
,,,,,  - ,,,,,,,,,,,,,,,,,,,,,,,,
,,2-Jan-25,penerimaan kas,,"  5,236,000 ",,,,,"  5,236,000 ",,,,,,,,,,,,,, JANUARI ,,,,,
,,3-Jan-25,penerimaan kas,,"  3,733,000 ",,,,,"  3,733,000 ",,,,,,,,,,,,,, JANUARI ,,,,,
,,6-Jan-25,penerimaan kas,,"  650,000 ",,,,,,,,,,"  650,000 ",,,,,,,,, JANUARI ,,,,,
,,6-Jan-25,penerimaan kas,,"  2,824,400 ",,,,,,,"  2,824,400 ",,,,,,,,,,,, JANUARI ,,,,,
,,6-Jan-25,penerimaan kas,,"  4,037,000 ",,,,,"  4,037,000 ",,,,,,,,,,,,,, JANUARI ,,,,,
,,7-Jan-25,penerimaan kas,,"  4,180,000 ",,,,,"  4,180,000 ",,,  - ,,,,,,,,,,, JANUARI ,,,,,
,,8-Jan-25,penerimaan kas,,"  281,250,000 ",,,,,,,,"  281,250,000 ",,,,,,,,,,, JANUARI ,,,,,
,,9-Jan-25,penerimaan kas,,"  4,348,500 ",,,,,"  4,348,500 ",,,,,,,,,,,,,, JANUARI ,,,,,
,,9-Jan-25,penerimaan kas,,"  3,532,000 ",,,,,,,"  3,532,000 ",,,,,,,,,,,, JANUARI ,,,,,
,,9-Jan-25,penerimaan kas,,"  1,550,000 ",,,,,,,,,,"  1,550,000 ",,,,,,,,, JANUARI ,,,,,
,,9-Jan-25,penerimaan kas,,"  4,866,000 ",,,,,"  4,866,000 ",,,,,,,,,,,,,, JANUARI ,,,,,
,,10-Jan-25,penerimaan kas,,"  4,182,600 ",,,,,"  4,182,600 ",,,,,,,,,,,,,, JANUARI ,,,,,
,,13-Jan-25,penerimaan kas,,"  1,966,000 ",,,,,,,"  1,966,000 ",,,,,,,,,,,, JANUARI ,,,,, 
,,13-Jan-25,penerimaan kas,,"  1,250,000 ",,,,,,,,,,"  1,250,000 ",,,,,,,,, JANUARI ,,,,,
,,13-Jan-25,penerimaan kas,,"  4,354,500 ",,,,,"  4,354,500 ",,,,,,,,,,,,,, JANUARI ,,,,,
,,14-Jan-25,penerimaan kas,,"  4,367,300 ",,,,,"  4,367,300 ",,,,,,,,,,,,,, JANUARI ,,,,,
,,15-Jan-25,penerimaan kas,,"  3,953,800 ",,,,,"  3,953,800 ",,,,,,,,,,,,,, JANUARI ,,,,,
,,15-Jan-25,penerimaan kas,,"  5,000,000 ",,"  5,000,000 ",,,,,,,,,,,,,,,,, JANUARI ,,,,,
,,16-Jan-25,penerimaan kas,,"  5,223,000 ",,,,,"  5,223,000 ",,,,,,,,,,,,,, JANUARI ,,,,,
,,17-Jan-25,penerimaan kas,,"  4,135,000 ",,,,,"  4,135,000 ",,,,,,,,,,,,,, JANUARI ,,,,,
,,20-Jan-25,penerimaan kas,,"  4,559,500 ",,,,,"  4,559,500 ",,,,,,,,,,,,,, JANUARI ,,,,,
,,20-Jan-25,penerimaan kas,,"  1,237,500 ",,,,,,,"  1,237,500 ",,,,,,,,,,,, JANUARI ,,,,,
,,20-Jan-25,penerimaan kas,,"  246,500 ",,,,,,,"  246,500 ",,,,,,,,,,,, JANUARI ,,,,,
,,20-Jan-25,penerimaan kas,,"  5,220,553 ",,,,,,,"  5,220,553 ",,,,,,,,,,,, JANUARI ,,,,,
,,20-Jan-25,penerimaan kas,,"  559,000 ",,,,,,,"  559,000 ",,,,,,,,,,,, JANUARI ,,,,,
,,20-Jan-25,penerimaan kas,,"  581,500 ",,,,,,,"  581,500 ",,,,,,,,,,,, JANUARI ,,,,,
,,20-Jan-25,penerimaan kas,,"  1,800,000 ",,,,,,,,,,"  1,800,000 ",,,,,,,,, JANUARI ,,,,,
,,20-Jan-25,penerimaan kas,,"  400,000 ",,,,,,,,,,"  400,000 ",,,,,,,,, JANUARI ,,,,,
,,20-Jan-25,penerimaan kas,,"  565,000 ",,,,,,,,,"  565,000 ",,,,,,,,,, JANUARI ,,,,,
,,21-Jan-25,penerimaan kas,,"  4,667,500 ",,,,,"  4,667,500 ",,,,,,,,,,,,,, JANUARI ,,,,,
,,22-Jan-25,penerimaan kas,,"  3,719,000 ",,,  - ,,"  3,719,000 ",,,,,,,,,,,,,, JANUARI ,,,,,
,,23-Jan-25,penerimaan kas,,"  4,455,500 ",,,,,"  4,455,500 ",,,,,,,,,,,,,, JANUARI ,,,,,
,,23-Jan-25,penerimaan kas,,"  8,662,000 ",,,,,,,"  8,662,000 ",,,,,,,,,,,, JANUARI ,,,,,
,,23-Jan-25,penerimaan kas,,"  669,655 ",,,,,,,,,"  669,655 ",,,,,,,,,, JANUARI ,,,,,
,,24-Jan-25,penerimaan kas,,"  15,000 ",,,,,,,,,"  15,000 ",,,,,,,,,, JANUARI ,,,,,
,,24-Jan-25,,,"  3,983,000 ",,,,,"  3,983,000 ",,,,,,,,,,,,,, JANUARI ,,,,,
,,30-Jan-25,,,"  2,501,500 ",,,,,"  2,501,500 ",,,,,,,,,,,,,, JANUARI ,,,,,
,,30-Jan-25,,,"  2,050,000 ",,,,,,,,,,"  2,050,000 ",,,,,,,,, JANUARI ,,,,,
,,30-Jan-25,KANTIN,,"  935,000 ",,,,"  935,000 ",,,,,,,,,,,,,,, JANUARI ,,,,,
,,30-Jan-25,penerimaan kas,,"  4,297,000 ",,,,,"  4,297,000 ",,,,,,,  - ,,,,,,, JANUARI ,,,,,
,,31-Jan-25,penerimaan kas,,"  4,263,500 ",,,  - ,,"  4,263,500 ",,,,,,,,,,,,,, JANUARI ,,,,,
,,,,,  - ,,,,,  - ,,,,,,,,,,,,,,,,,,,
,,,,,  - ,,,,,,,,,,,,,,,,,,,,,,,,
,,3-Feb-25,penerimaan kas,,"  4,859,000 ",,,,,"  4,859,000 ",,,,,,,,,,,,,, februari ,,,,,
,,4-Feb-25,penerimaan kas,,"  4,766,500 ",,,,,"  4,766,500 ",,,,,,,,,,,,,, februari ,,,,,
,,4-Feb-25,penerimaan kas,,"  600,000 ",,,,,,,,,,"  600,000 ",,,,,,,,, februari ,,,,,
,,4-Feb-25,penerimaan kas,,"  2,300,000 ",,,,,,,,,,"  2,300,000 ",,,,,,,,, februari ,,,,,
,,4-Feb-25,penerimaan kas,,"  905,000 ",,,,,,,"  905,000 ",,,,,,,,,,,, februari ,,,,,
,,5-Feb-25,penerimaan kas,,"  4,248,500 ",,,,,"  4,248,500 ",,,,,,,,,,,,,, februari ,,,,,
,,6-Feb-25,penerimaan kas,,"  4,156,000 ",,,,,"  4,156,000 ",,,,,,,,,,,,,, februari ,,,,,
,,7-Feb-25,penerimaan kas,,"  3,710,000 ",,,,,"  3,710,000 ",,,,,,,,,,,,,, februari ,,,,,
,,7-Feb-25,penerimaan kas,,"  7,871,500 ",,,,,,,"  7,841,500 ",,"  30,000 ",,,,,,,,,, februari ,,,,,
,,4-Feb-25,penerimaan kas,,"  1,161,700 ",,,"  465,000 ",,,,,,"  696,700 ",,,,,,,,,, februari ,,,,,
,,10-Feb-25,penerimaan kas,,"  4,859,500 ",,,,,"  4,859,500 ",,,,,,,,,,,,,, februari ,,,,,
,,11-Feb-25,penerimaan kas,,"  7,361,000 ",,,,,"  5,211,000 ",,,,,"  2,150,000 ",,,,,,,,, februari ,,,,,
,,12-Feb-25,penerimaan kas,,"  4,776,000 ",,,,,"  4,776,000 ",,,,,,,,,,,,,, februari ,,,,,
,,14-Feb-25,penerimaan kas,,"  4,170,000 ",,,,,"  4,170,000 ",,,,,,,,,,,,,, februari ,,,,,
,,17-Feb-25,penerimaan kas,,"  3,648,000 ",,,,,"  3,648,000 ",,,,,,,,,,,,,, februari ,,,,,
,,18-Feb-25,penerimaan kas,,"  17,303,000 ",,,,,"  4,526,500 ",,"  10,376,500 ",,,"  2,400,000 ",,,,,,,,, februari ,,,,,
,,19-Feb-25,penerimaan kas,,"  4,325,000 ",,,,,"  4,325,000 ",,,,,,,,,,,,,, februari ,,,,,
,,20-Feb-25,penerimaan kas,,"  3,812,500 ",,,,,"  3,812,500 ",,,,,,,,,,,,,, februari ,,,,,
,,24-Feb-25,penerimaan kas,,"  8,343,200 ",,,,,"  3,915,700 ",,"  3,127,500 ",,,"  1,300,000 ",,,,,,,,, februari ,,,,,
,,25-Feb-25,penerimaan kas,,"  7,208,000 ",,,,,"  3,767,000 ",,"  2,641,000 ",  - ,,"  800,000 ",,,,,,,,, februari ,,,,,
,,26-Feb-25,penerimaan kas,,"  4,809,000 ",,,,,"  4,809,000 ",,,,,,,,,,,,,, februari ,,,,,
,,26-Feb-25,penerimaan kas,,"  352,355 ",,,,,,,,,"  352,355 ",,,,,,,,,, februari ,,,,,
,,27-Feb-25,penerimaan kas,,"  3,142,600 ",,,,,"  3,142,600 ",,,,,,,,,,,,,, februari ,,,,,
,,28-Feb-25,penerimaan kas,,"  8,495,000 ",,,,,"  8,495,000 ",,,,,,,,,,,,,, februari ,,,,,
,,28-Feb-25,penerimaan kas,,"  1,770,000 ",,,"  820,000 ","  950,000 ",  - ,,,,,,,,,,,,,, februari ,,,,,
,,,penerimaan kas,,"  46,000,000 ","  46,000,000 ",,,,,,,,,,,,,,,,,, februari ,,,,,
,,,penerimaan kas,,"  62,673 ",,,,,,,,,"  62,673 ",,,,,,,,,, februari ,,,,,
,,7-Mar-24,penerimaan kas,,  - ,,,,,,,,,,,,,,,,,,,,,,,,
,,8-Mar-24,penerimaan kas,,  - ,,,,,,,,,,,,,,,,,,,,,,,,
,,13-Mar-24,penerimaan kas,,  - ,,,,,,,,,,,,,,,,,,,,,,,,
,,14-Mar-24,penerimaan kas,,  - ,,,,,,,,,,,,,,,,,,,,,,,,
,,14-Mar-24,penerimaan kas,,  - ,,,,,,,,,,,,,,,,,,,,,,,,
,,14-Mar-24,penerimaan kas,,  - ,,,,,,,,,,,,,,,,,,,,,,,,
,,15-Mar-24,penerimaan kas,,  - ,,,,,,,,,,,,,,,,,,,,,,,,
,,18-Mar-24,penerimaan kas,,  - ,,,,,,,,,,,,,,,,,,,,,,,,
,,18-Mar-24,penerimaan kas,,  - ,,,,,,,,,,,,,,,,,,,,,,,,
,,18-Mar-24,penerimaan kas,,  - ,,,,,,,,,,,,,,,,,,,,,,,,
,,19-Mar-24,penerimaan kas,,  - ,,,,,,,,,,,,,,,,,,,,,,,,
,,19-Mar-24,penerimaan kas,,  - ,,,,,,,,,,,,,,,,,,,,,,,,
,,20-Mar-24,penerimaan kas,,  - ,,,,,,,,,,,,,,,,,,,,,,,,
,,20-Mar-24,penerimaan kas,,  - ,,,,,,,,,,,,,,,,,,,,,,,,
,,20-Mar-24,voucher ,,  - ,,,,,,,,,,,,,,,,,,,,,,,,
,,21-Mar-24,penerimaan kas,,  - ,,,,,,,,,,,,,,,,,,,,,,,,
,,21-Mar-24,penerimaan kas,,  - ,,,,,,,,,,,,,,,,,,,,,,,,
,,22-Mar-24,penerimaan kas,,  - ,,,,,,,,,,,,,,,,,,,,,,,,
,,25-Mar-24,penerimaan kas,,  - ,,,,,,,,,,,,,,,,,,,,,,,,
,,26-Mar-24,penerimaan kas,,  - ,,,,,,,,,,,,,,,,,,,,,,,,
,,27-Mar-24,penerimaan kas,,  - ,,,,,,,,,,,,,,,,,,,,,,,,
,,27-Mar-24,penerimaan kas,,  - ,,,,,,,,,,,,,,,,,,,,,,,,
,,28-Mar-24,penerimaan kas,,  - ,,,,,,,,,,,,,,,,,,,,,,,,
,,28-Mar-24,voucher ,,  - ,,,,,,,,,,,,,,,,,,,,,,,,
,,,,,  - ,,,,,,,,,,,,,,,,,,,,,,,,
,,1-Apr-24,penerimaan kas,,  - ,,,,,,,,,,,,,,,,,,,,,,,,
,,2-Apr-24,penerimaan kas,,  - ,,,,,,,,,,,,,,,,,,,,,,,,
,,3-Apr-24,penerimaan kas,,  - ,,,,,,,,,,,,,,,,,,,,,,,,
,,4-Apr-24,penerimaan kas,,  - ,,,,,,,,,,,,,,,,,,,,,,,,
,,4-Apr-24,voucher ,,  - ,,,,,,,,,,,,,,,,,,,,,,,,
,,4-Apr-24,hutang toko,,  - ,,,,,,,,,,,,,,,,,,,,,,,,
,,3-Mar-25,v pensiun,,  - ,,,,,,,,,,,,,,,,,,, MARET ,,,,,
,,5-Apr-24,penerimaan kas,,  - ,,,,,,,,,,,,,,,,,,,,,,,,
,,5-Apr-24,realisasi kredit ,,  - ,,,,,,,,,,,,,,,,,,,,,,,,
,,5-Apr-24,voucher ,,  - ,,,,,,,,,,,,,,,,,,,,,,,,
,,16-Apr-24,,,  - ,,,,,,,,,,,,,,,,,,,,,,,,
,,17-Apr-24,,,  - ,,,,,,,,,,,,,,,,,,,,,,,,
,,3-Mar-25,realisasi kredit ,,"  3,333,200 ",,,,,,,"  3,333,200 ",,,,,,,,,,,, MARET ,,,,,
,,18-Apr-24,,,  - ,,,,,,,,,,,,,,,,,,,,,,,,
,,19-Apr-24,,,  - ,,,,,,,,,,,,,,,,,,,,,,,,
,,22-Apr-24,,,  - ,,,,,,,,,,,,,,,,,,,,,,,,
,,22-Apr-24,,,  - ,,,,,,,,,,,,,,,,,,,,,,,,
,,22-Apr-24,,,  - ,,,,,,,,,,,,,,,,,,,,,,,,
,,23-Apr-24,,,  - ,,,,,,,,,,,,,,,,,,,,,,,,
,,23-Apr-24,,,  - ,,,,,,,,,,,,,,,,,,,,,,,,
,,23-Apr-24,,,  - ,,,,,,,,,,,,,,,,,,,,,,,,
,,24-Apr-24,,,  - ,,,,,,,,,,,,,,,,,,,,,,,,
,,25-Apr-24,,,  - ,,,,,,,,,,,,,,,,,,,,,,,,
,,26-Apr-24,,,  - ,,,,,,,,,,,,,,,,,,,,,,,,
,,26-Apr-24,,,  - ,,,,,,,,,,,,,,,,,,,,,,,,
,,29-Apr-24,,,  - ,,,,,,,,,,,,,,,,,,,,,,,,
,,29-Apr-24,,,  - ,,,,,,,,,,,,,,,,,,,,,,,,
,,29-Apr-24,,,  - ,,,,,,,,,,,,,,,,,,,,,,,,
,,30-Apr-24,,,  - ,,,,,,,,,,,,,,,,,,,,,,,,
,,3-Mar-25,penjualan,,"  982,500 ",,,,,"  982,500 ",,,,,,,,,,,,,, MARET ,,,,,
,,2-May-24,penerimaan kas,,  - ,,,,,,,,,,,,,,,,,,,,,,,,
,,3-May-24,penerimaan kas,,  - ,,,,,,,,,,,,,,,,,,,,,,,,
,,6-May-24,penerimaan kas,,  - ,,,,,,,,,,,,,,,,,,,,,,,,
,,7-May-24,penerimaan kas,,  - ,,,,,,,,,,,,,,,,,,,,,,,,
,,8-May-24,penerimaan kas,,  - ,,,,,,,,,,,,,,,,,,,,,,,,
,,13-May-24,penerimaan kas,,  - ,,,,,,,,,,,,,,,,,,,,,,,,
,,14-May-24,penerimaan kas,,  - ,,,,,,,,,,,,,,,,,,,,,,,,
,,15-May-24,penerimaan kas,,  - ,,,,,,,,,,,,,,,,,,,,,,,,
,,16-May-24,penerimaan kas,,  - ,,,,,,,,,,,,,,,,,,,,,,,,
,,17-May-24,,,  - ,,,,,,,,,,,,,,,,,,,,,,,,
,,20-May-24,,,  - ,,,,,,,,,,,,,,,,,,,,,,,,
,,21-May-24,,,  - ,,,,,,,,,,,,,,,,,,,,,,,,
,,22-May-24,,,  - ,,,,,,,,,,,,,,,,,,,,,,,,
,,27-May-24,,,  - ,,,,,,,,,,,,,,,,,,,,,,,,
,,28-May-24,,,  - ,,,,,,,,,,,,,,,,,,,,,,,,
,,29-May-24,,,  - ,,,,,,,,,,,,,,,,,,,,,,,,
,,30-May-24,,,  - ,,,,,,,,,,,,,,,,,,,,,,,,
,,31-May-24,,,  - ,,,,,,,,,,,,,,,,,,,,,,,,
,,3-Mar-25,v pinjaman feb,,"  3,500,000 ",,,,,,,,,,"  3,500,000 ",,,,,,,,, MARET ,,,,,
,,3-Jun-24,,,  - ,,,,,,,,,,,,,,,,,,,,,,,,
,,4-Jun-24,,,  - ,,,,,,,,,,,,,,,,,,,,,,,,
,,5-Jun-24,,,  - ,,,,,,,,,,,,,,,,,,,,,,,,
,,6-Jun-24,,,  - ,,,,,,,,,,,,,,,,,,,,,,,,
,,7-Jun-24,,,  - ,,,,,,,,,,,,,,,,,,,,,,,,
,,10-Jun-24,,,  - ,,,,,,,,,,,,,,,,,,,,,,,,
,,11-Jun-24,,,  - ,,,,,,,,,,,,,,,,,,,,,,,,
,,12-Jun-24,,,  - ,,,,,,,,,,,,,,,,,,,,,,,,
,,13-Jun-24,,,  - ,,,,,,,,,,,,,,,,,,,,,,,,
,,14-Jun-24,,,  - ,,,,,,,,,,,,,,,,,,,,,,,,
,,19-Jun-24,,,  - ,,,,,,,,,,,,,,,,,,,,,,,,
,,20-Jun-24,,,  - ,,,,,,,,,,,,,,,,,,,,,,,,
,,21-Jun-24,,,  - ,,,,,,,,,,,,,,,,,,,,,,,,
,,24-Jun-24,,,  - ,,,,,,,,,,,,,,,,,,,,,,,,
,,25-Jun-24,,,  - ,,,,,,,,,,,,,,,,,,,,,,,,
,,26-Jun-24,,,  - ,,,,,,,,,,,,,,,,,,,,,,,,
,,27-Jun-24,,,  - ,,,,,,,,,,,,,,,,,,,,,,,,
,,27-Jun-24,,,  - ,,,,,,,,,,,,,,,,,,,,,,,,
,,4-Mar-25,penjualan,,"  1,991,000 ",,,,," Rp 1,991,000 ",,,,,,,,,,,,,, MARET ,,,,,
,,1-Jul-24,,,  - ,,,,,,,,,,,,,,,,,,,,,,,,
,,2-Jul-24,,,  - ,,,,,,,,,,,,,,,,,,,,,,,,
,,3-Jul-24,,,  - ,,,,,,,,,,,,,,,,,,,,,,,,
,,4-Jul-24,,,  - ,,,,,,,,,,,,,,,,,,,,,,,,
,,5-Jul-24,,,  - ,,,,,,,,,,,,,,,,,,,,,,,,
,,5-Jul-24,,,  - ,,,,,,,,,,,,,,,,,,,,,,,,
,,8-Jul-24,,,  - ,,,,,,,,,,,,,,,,,,,,,,,,
,,9-Jul-24,,,  - ,,,,,,,,,,,,,,,,,,,,,,,,
,,9-Jul-24,,,  - ,,,,,,,,,,,,,,,,,,,,,,,,
,,10-Jul-24,,,  - ,,,,,,,,,,,,,,,,,,,,,,,,
,,11-Jul-24,,,  - ,,,,,,,,,,,,,,,,,,,,,,,,
,,12-Jul-24,,,  - ,,,,,,,,,,,,,,,,,,,,,,,,
,,15-Jul-24,,,  - ,,,,,,,,,,,,,,,,,,,,,,,,
,,16-Jul-24,,,  - ,,,,,,,,,,,,,,,,,,,,,,,,
,,17-Jul-24,,,  - ,,,,,,,,,,,,,,,,,,,,,,,,
,,18-Jul-24,,,  - ,,,,,,,,,,,,,,,,,,,,,,,,
,,19-Jul-24,,,  - ,,,,,,,,,,,,,,,,,,,,,,,,
,,22-Jul-24,,,  - ,,,,,,,,,,,,,,,,,,,,,,,,
,,23-Jul-24,,,  - ,,,,,,,,,,,,,,,,,,,,,,,,
,,5-Mar-25,,,"  8,446,500 ",,,,," Rp 8,446,500 ",,,,,,,,,,,,,, MARET ,,,,,
,,24-Jul-24,,,  - ,,,,,,,,,,,,,,,,,,,,,,,,
,,25-Jul-24,,,  - ,,,,,,,,,,,,,,,,,,,,,,,,
,,26-Jul-24,,,  - ,,,,,,,,,,,,,,,,,,,,,,,,
,,29-Jul-24,,,  - ,,,,,,,,,,,,,,,,,,,,,,,,
,,30-Jul-24,,,  - ,,,,,,,,,,,,,,,,,,,,,,,,
,,31-Jul-24,,,  - ,,,,,,,,,,,,,,,,,,,,,,,,
,,6-Mar-25,,,"  9,586,000 ",,,,,"  9,586,000 ",,,,,,,,,,,,,, MARET ,,,,,
,,1-Aug-24,,,  - ,,,,,,,,,,,,,,,,,,,,,,,,
,,2-Aug-24,,,  - ,,,,,,,,,,,,,,,,,,,,,,,,
,,5-Aug-24,,,  - ,,,,,,,,,,,,,,,,,,,,,,,,
,,5-Aug-24,,,  - ,,,,,,,,,,,,,,,,,,,,,,,,
,,5-Aug-24,,,  - ,,,,,,,,,,,,,,,,,,,,,,,,
,,6-Aug-24,,,  - ,,,,,,,,,,,,,,,,,,,,,,,,
,,7-Aug-24,,,  - ,,,,,,,,,,,,,,,,,,,,,,,,
,,8-Aug-24,,,  - ,,,,,,,,,,,,,,,,,,,,,,,,
,,8-Aug-24,,,  - ,,,,,,,,,,,,,,,,,,,,,,,,
,,9-Aug-24,,,  - ,,,,,,,,,,,,,,,,,,,,,,,,
,,9-Aug-24,,,  - ,,,,,,,,,,,,,,,,,,,,,,,,
,,12-Aug-24,,,  - ,,,,,,,,,,,,,,,,,,,,,,,,
,,13-Aug-24,,,  - ,,,,,,,,,,,,,,,,,,,,,,,,
,,14-Aug-24,,,  - ,,,,,,,,,,,,,,,,,,,,,,,,
,,14-Aug-24,,,  - ,,,,,,,,,,,,,,,,,,,,,,,,
,,15-Aug-24,,,  - ,,,,,,,,,,,,,,,,,,,,,,,,
,,16-Aug-24,,,  - ,,,,,,,,,,,,,,,,,,,,,,,,
,,16-Aug-24,,,  - ,,,,,,,,,,,,,,,,,,,,,,,,
,,16-Aug-24,,,  - ,,,,,,,,,,,,,,,,,,,,,,,,
,,16-Aug-24,,,  - ,,,,,,,,,,,,,,,,,,,,,,,,
,,19-Aug-24,,,  - ,,,,,,,,,,,,,,,,,,,,,,,,
,,19-Aug-24,,,  - ,,,,,,,,,,,,,,,,,,,,,,,,
,,19-Aug-24,,,  - ,,,,,,,,,,,,,,,,,,,,,,,,
,,20-Aug-24,,,  - ,,,,,,,,,,,,,,,,,,,,,,,,
,,20-Aug-24,,,  - ,,,,,,,,,,,,,,,,,,,,,,,,
,,20-Aug-24,,,  - ,,,,,,,,,,,,,,,,,,,,,,,,
,,21-Aug-24,,,  - ,,,,,,,,,,,,,,,,,,,,,,,,
,,22-Aug-24,,,  - ,,,,,,,,,,,,,,,,,,,,,,,,
,,23-Aug-24,,,  - ,,,,,,,,,,,,,,,,,,,,,,,,
,,23-Aug-24,,,  - ,,,,,,,,,,,,,,,,,,,,,,,,
,,23-Aug-24,,,  - ,,,,,,,,,,,,,,,,,,,,,,,,
,,23-Aug-24,,,  - ,,,,,,,,,,,,,,,,,,,,,,,,
,,23-Aug-24,,,  - ,,,,,,,,,,,,,,,,,,,,,,,,
,,23-Aug-24,,,  - ,,,,,,,,,,,,,,,,,,,,,,,,
,,26-Aug-24,,,  - ,,,,,,,,,,,,,,,,,,,,,,,,
,,26-Aug-24,,,  - ,,,,,,,,,,,,,,,,,,,,,,,,
,,27-Aug-24,,,  - ,,,,,,,,,,,,,,,,,,,,,,,,
,,28-Aug-24,,,  - ,,,,,,,,,,,,,,,,,,,,,,,,
,,28-Aug-24,,,  - ,,,,,,,,,,,,,,,,,,,,,,,,
,,29-Aug-24,,,  - ,,,,,,,,,,,,,,,,,,,,,,,,
,,30-Aug-24,,,  - ,,,,,,,,,,,,,,,,,,,,,,,,
,,30-Aug-24,,,  - ,,,,,,,,,,,,,,,,,,,,,,,,
,,30-Aug-24,,,  - ,,,,,,,,,,,,,,,,,,,,,,,,
,,30-Aug-24,,,  - ,,,,,,,,,,,,,,,,,,,,,,,,
,,6-Mar-25,,,"  3,314,500 ",,,,,"  3,314,500 ",,,,,,,,,,,,,, MARET ,,,,,
,,7-Mar-25,,,"  2,473,000 ",,,,,"  2,473,000 ",,,,,,,,,,,,,, MARET ,,,,,
,,2-Sep-24,,,  - ,,,,,,,,,,,,,,,,,,,,,,,,
,,2-Sep-24,,,  - ,,,,,,,,,,,,,,,,,,,,,,,,
,,3-Sep-24,,,  - ,,,,,,,,,,,,,,,,,,,,,,,,
,,3-Sep-24,,,  - ,,,,,,,,,,,,,,,,,,,,,,,,
,,4-Sep-24,,,  - ,,,,,,,,,,,,,,,,,,,,,,,,
,,4-Sep-24,,,  - ,,,,,,,,,,,,,,,,,,,,,,,,
,,4-Sep-24,,,  - ,,,,,,,,,,,,,,,,,,,,,,,,
,,5-Sep-24,,,  - ,,,,,,,,,,,,,,,,,,,,,,,,
,,5-Sep-24,,,  - ,,,,,,,,,,,,,,,,,,,,,,,,
,,6-Sep-24,,,  - ,,,,,,,,,,,,,,,,,,,,,,,,
,,9-Sep-24,,,  - ,,,,,,,,,,,,,,,,,,,,,,,,
,,9-Sep-24,,,  - ,,,,,,,,,,,,,,,,,,,,,,,,
,,9-Sep-24,,,  - ,,,,,,,,,,,,,,,,,,,,,,,,
,,9-Sep-24,,,  - ,,,,,,,,,,,,,,,,,,,,,,,,
,,10-Sep-24,,,  - ,,,,,,,,,,,,,,,,,,,,,,,,
,,10-Sep-24,,,  - ,,,,,,,,,,,,,,,,,,,,,,,,
,,10-Sep-24,,,  - ,,,,,,,,,,,,,,,,,,,,,,,,
,,11-Sep-24,,,  - ,,,,,,,,,,,,,,,,,,,,,,,,
,,12-Sep-24,,,  - ,,,,,,,,,,,,,,,,,,,,,,,,
,,13-Sep-24,,,  - ,,,,,,,,,,,,,,,,,,,,,,,,
,,13-Sep-24,,,  - ,,,,,,,,,,,,,,,,,,,,,,,,
,,17-Sep-24,,,  - ,,,,,,,,,,,,,,,,,,,,,,,,
,,17-Sep-24,,,  - ,,,,,,,,,,,,,,,,,,,,,,,,
,,18-Sep-24,,,  - ,,,,,,,,,,,,,,,,,,,,,,,,
,,19-Sep-24,,,  - ,,,,,,,,,,,,,,,,,,,,,,,,
,,19-Sep-24,,,  - ,,,,,,,,,,,,,,,,,,,,,,,,
,,20-Sep-24,,,  - ,,,,,,,,,,,,,,,,,,,,,,,,
,,20-Sep-24,,,  - ,,,,,,,,,,,,,,,,,,,,,,,,
,,20-Sep-24,voucher juni,,  - ,,,,,,,,,,,,,,,,,,,,,,,,
,,23-Sep-24,,,  - ,,,,,,,,,,,,,,,,,,,,,,,,
,,24-Sep-24,,,  - ,,,,,,,,,,,,,,,,,,,,,,,,
,,25-Sep-24,,,  - ,,,,,,,,,,,,,,,,,,,,,,,,
,,25-Sep-24,,,  - ,,,,,,,,,,,,,,,,,,,,,,,,
,,26-Sep-24,,,  - ,,,,,,,,,,,,,,,,,,,,,,,,
,,26-Sep-24,,,  - ,,,,,,,,,,,,,,,,,,,,,,,,
,,26-Sep-24,,,  - ,,,,,,,,,,,,,,,,,,,,,,,,
,,27-Sep-24,,,  - ,,,,,,,,,,,,,,,,,,,,,,,,
,,27-Sep-24,,,  - ,,,,,,,,,,,,,,,,,,,,,,,,
,,27-Sep-24,,,  - ,,,,,,,,,,,,,,,,,,,,,,,,
,,27-Sep-24,,,  - ,,,,,,,,,,,,,,,,,,,,,,,,
,,27-Sep-24,,,  - ,,,,,,,,,,,,,,,,,,,,,,,,
,,30-Sep-24,,,  - ,,,,,,,,,,,,,,,,,,,,,,,,
,,30-Sep-24,,,  - ,,,,,,,,,,,,,,,,,,,,,,,,
,,30-Sep-24,,,  - ,,,,,,,,,,,,,,,,,,,,,,,,
,,1-Oct-24,penjualan,,  - ,,,,,,,,,,,,,,,,,,,,,,,,
,,2-Oct-24,penjualan,,  - ,,,,,,,,,,,,,,,,,,,,,,,,
,,3-Oct-24,penjualan,,  - ,,,,,,,,,,,,,,,,,,,,,,,,
,,4-Oct-24,penjualan,,  - ,,,,,,,,,,,,,,,,,,,,,,,,
,,7-Oct-24,penjualan,,  - ,,,,,,,,,,,,,,,,,,,,,,,,
,,8-Oct-24,penjualan,,  - ,,,,,,,,,,,,,,,,,,,,,,,,
,,9-Oct-24,penjualan,,  - ,,,,,,,,,,,,,,,,,,,,,,,,
,,10-Oct-24,penjualan,,  - ,,,,,,,,,,,,,,,,,,,,,,,,
,,11-Oct-24,penjualan,,  - ,,,,,,,,,,,,,,,,,,,,,,,,
,,14-Oct-24,penjualan,,  - ,,,,,,,,,,,,,,,,,,,,,,,,
,,15-Oct-24,penjualan,,  - ,,,,,,,,,,,,,,,,,,,,,,,,
,,16-Oct-24,penjualan,,  - ,,,,,,,,,,,,,,,,,,,,,,,,
,,17-Oct-24,penjualan,,  - ,,,,,,,,,,,,,,,,,,,,,,,,
,,18-Oct-24,penjualan,,  - ,,,,,,,,,,,,,,,,,,,,,,,,
,,21-Oct-24,penjualan,,  - ,,,,,,,,,,,,,,,,,,,,,,,,
,,22-Oct-24,penjualan,,  - ,,,,,,,,,,,,,,,,,,,,,,,,
,,23-Oct-24,penjualan,,  - ,,,,,,,,,,,,,,,,,,,,,,,,
,,24-Oct-24,penjualan,,  - ,,,,,,,,,,,,,,,,,,,,,,,,
,,25-Oct-24,penjualan,,  - ,,,,,,,,,,,,,,,,,,,,,,,,
,,28-Oct-24,penjualan,,  - ,,,,,,,,,,,,,,,,,,,,,,,,
,,29-Oct-24,penjualan,,  - ,,,,,,,,,,,,,,,,,,,,,,,,
,,30-Oct-24,penjualan,,  - ,,,,,,,,,,,,,,,,,,,,,,,,
,,31-Oct-24,penjualan,,  - ,,,,,,,,,,,,,,,,,,,,,,,,
,,14-Aug-23,,,  - ,,,,,,,,,,,,,,,,,,,,,,,,
,,14-Aug-23,,,,,,,,,,,,,,,,,,,,,,,,,,,
,,14-Aug-23,,,,,,,,,,,,,,,,,,,,,,,,,,,
,,14-Aug-23,,,,,,,,,,,,,,,,,,,,,,,,,,,
,,14-Aug-23,,,,,,,,,,,,,,,,,,,,,,,,,,,
,,15-Aug-23,,,  - ,,,,,,,,,,,,,,,,,,,,,,,,
,,16-Aug-23,,,  - ,,,,,,,,,,,,,,,,,,,,,,,,
,,18-Aug-23,,,  - ,,,,,,,,,,,,,,,,,,,,,,,,
,,21-Aug-23,,,  - ,,,,,,,,,,,,,,,,,,,,,,,,
,,22-Aug-23,,,  - ,,,,,,,,,,,,,,,,,,,,,,,,
,,23-Aug-23,,,  - ,,,,,,,,,,,,,,,,,,,,,,,,
,,24-Aug-23,,,  - ,,,,,,,,,,,,,,,,,,,,,,,,
,,25-Aug-23,,,  - ,,,,,,,,,,,,,,,,,,,,,,,,
,,28-Aug-23,,,  - ,,,,,,,,,,,,,,,,,,,,,,,,
,,29-Aug-23,,,  - ,,,,,,,,,,,,,,,,,,,,,,,,
,,30-Aug-23,,,  - ,,,,,,,,,,,,,,,,,,,,,,,,
,,31-Aug-23,,,  - ,,,,,,,,,,,,,,,,,,,,,,,,
,,31-Aug-23,,,  - ,,,,,,,,,,,,,,,,,,,,,,,,
,,31-Aug-23,photocopy,,  - ,,,,,,,,,,,,,,,,,,,,,,,,
,,31-Aug-23,kantin,,  - ,,,,,,,,,,,,,,,,,,,,,,,,
,,1-Sep-23,,,  - ,,,,,,,,,,,,,,,,,,,,,,,,
,,4-Sep-23,,,  - ,,,,,,,,,,,,,,,,,,,,,,,,
,,5-Sep-23,,,  - ,,,,,,,,,,,,,,,,,,,,,,,,
,,6-Sep-23,,,  - ,,,,,,,,,,,,,,,,,,,,,,,,
,,7-Sep-23,,,  - ,,,,,,,,,,,,,,,,,,,,,,,,
,,8-Sep-23,,,  - ,,,,,,,,,,,,,,,,,,,,,,,,
,,11-Sep-23,,,  - ,,,,,,,,,,,,,,,,,,,,,,,,
,,12-Sep-23,,,  - ,,,,,,,,,,,,,,,,,,,,,,,,
,,13-Sep-23,,,  - ,,,,,,,,,,,,,,,,,,,,,,,,
,,14-Sep-23,,,  - ,,,,,,,,,,,,,,,,,,,,,,,,
,,15-Sep-23,,,  - ,,,,,,,,,,,,,,,,,,,,,,,,
,,18-Sep-23,,,  - ,,,,,,,,,,,,,,,,,,,,,,,,
,,19-Sep-23,,,  - ,,,,,,,,,,,,,,,,,,,,,,,,
,,20-Sep-23,,,  - ,,,,,,,,,,,,,,,,,,,,,,,,
,,21-Sep-23,,,  - ,,,,,,,,,,,,,,,,,,,,,,,,
,,22-Sep-23,,,  - ,,,,,,,,,,,,,,,,,,,,,,,,
,,25-Sep-23,,,  - ,,,,,,,,,,,,,,,,,,,,,,,,
,,26-Sep-23,,,  - ,,,,,,,,,,,,,,,,,,,,,,,,
,,27-Sep-23,,,  - ,,,,,,,,,,,,,,,,,,,,,,,,
,,10-Mar-25,,,"  5,759,500 ",,,,,"  5,759,500 ",,,,,,,,,,,,,, MARET ,,,,,
,,11-Mar-25,,,"  4,465,600 ",,,,,"  4,465,600 ",,,,,,,,,,,,,, MARET ,,,,,
,,12-Mar-25,,,"  4,980,200 ",,,,,"  4,980,200 ",,,,,,,,,,,,,, MARET ,,,,,
,,1-Nov-24,,,"  4,972,900 ",,,,,"  4,972,900 ",  - ,  - ,,,,,,,,,,,,,,,,,
,,4-Nov-24,,,"  7,731,600 ",,,,,"  5,476,500 ",,"  2,255,100 ",,,,,,,,,,,,,,,,,
,,5-Nov-24,,,"  3,781,674 ",,,,,"  3,727,500 ",,,,"  54,174 ",,,,,,,,,,,,,,,
,,6-Nov-24,,,"  4,862,000 ",,,,,"  4,862,000 ",,  - ,,,,,,,,,,,,,,,,,
,,6-Nov-24,,,"  2,594,000 ",,,,,,,"  2,594,000 ",,,,,,,,,,,,,,,,,
,,7-Nov-24,,,"  4,784,500 ",,,,,"  4,784,500 ",,,,,,,,,,,,,,,,,,,
,,7-Nov-24,,,"  5,157,000 ",,,,,,,"  3,907,000 ",,,"  1,250,000 ",,,,,,,,,,,,,,
,,8-Nov-24,,,"  3,243,000 ",,,,,"  3,243,000 ",,,,,,,,,,,,,,,,,,,
,,11-Nov-24,,,"  4,295,500 ",,,,,"  4,295,500 ",,,,,,,,,,,,,,,,,,,
,,12-Nov-24,,,"  3,603,500 ",,,,,"  3,603,500 ",,,,,,,,,,,,,,,,,,,
,,13-Nov-24,,,"  4,007,000 ",,,,,"  4,007,000 ",,,,,,,,,,,,,,,,,,,
,,14-Nov-24,,,"  5,152,000 ",,,,,"  4,854,000 ",,,,"  298,000 ",,,,,,,,,,,,,,,
,,15-Nov-24,,,"  285,200 ",,,,,,,,,"  285,200 ",,,,,,,,,,,,,,,
,,15-Nov-24,,,"  60,000,000 ",,,,,,,,,,,,"  60,000,000 ",,,,,,,,,,,,
,,15-Nov-24,,,"  3,706,000 ",,,,,"  3,706,000 ",,,,,,,,,,,,,,,,,,,
,,18-Nov-24,,,"  6,204,500 ",,,,,"  6,204,500 ",,,,,,,,,,,,,,,,,,,
,,19-Nov-24,,,"  4,510,800 ",,,,,"  4,510,800 ",,,,,,,,,,,,,,,,,,,
,,20-Nov-24,,,"  4,715,500 ",,,,,"  4,715,500 ",,,,,,,,,,,,,,,,,,,
,,21-Nov-24,,,"  9,375,000 ",,,,,,,,,,,,"  9,375,000 ",,,,,,,,,,,,
,,21-Nov-24,,,"  4,486,000 ",,,,,"  4,486,000.00 ",,,,,,,,,,,,,,,,,,,
,,22-Nov-24,,,"  3,107,500 ",,,,,"  3,107,500.00 ",,,,,,,,,,,,,,,,,,,
,,25-Nov-24,,,"  5,078,300 ",,,,,"  5,078,300.00 ",,,,,,,,,,,,,,,,,,,
,,13-Mar-25,,,"  5,350,400 ",,,,,"  5,350,400.00 ",,,,,,,,,,,,,, MARET ,,,,,
,,25-Nov-24,,,"  12,104,700 ",,,,,,,"  12,104,700 ",,,,,,,,,,,,,,,,,
,,26-Nov-24,,,"  4,440,700 ",,,,,"  4,440,700.00 ",,,,,,,,,,,,,,,,,,,
,,28-Nov-24,,,"  4,087,900 ",,,,,"  4,087,900.00 ",,,,,,,,,,,,,,,,,,,
,,29-Nov-24,,,"  4,906,500 ",,,,,"  4,906,500.00 ",,,,,,,,,,,,,,,,,,,
,,29-Nov-24,,,"  4,568,000 ",,,,,,,"  4,568,000 ",,,,,,,,,,,,,,,,,
,,29-Nov-24,,,"  3,650,000 ",,,,,,,,,,"  3,650,000 ",,,,,,,,,,,,,,
,,29-Nov-24,,,"  400,000 ",,,,,,,,,,"  400,000 ",,,,,,,,,,,,,,
,,29-Nov-24,,,"  1,200,000 ",,,,,,,,,,"  1,200,000 ",,,,,,,,,,,,,,
,,13-Mar-25,,,"  1,000,000 ",,,,,,,,,,"  1,000,000 ",,,,,,,,, MARET ,,,,,
,,13-Mar-25,,,"  400,000 ",,,,,,,,,,"  400,000 ",,,,,,,,, MARET ,,,,,
,,2-Dec-24,,,"  4,359,800 ",,,,,"  4,359,800.00 ",,,,,,,,,,,,,,,,,,,
,,2-Dec-24,,,"  52,214,000 ",,,,,,,,,,,,"  52,214,000 ",,,,,,,,,,,,
,,3-Dec-24,,,"  4,258,000 ",,,,,"  4,258,000.00 ",,,,,,,,,,,,,,,,,,,
,,4-Dec-24,,,"  3,834,000 ",,,,,"  3,834,000.00 ",,,,,,,,,,,,,,,,,,,
,,5-Dec-24,,,"  4,373,000 ",,,,,"  4,373,000.00 ",,,,,,,,,,,,,,,,,,,
,,5-Dec-24,,,"  29,500 ",,,,,,,,,"  29,500 ",,,,,,,,,,,,,,,
,,6-Dec-24,,,"  6,559,500 ",,,,,,,"  6,559,500 ",,,,,,,,,,,,,,,,,
,,6-Dec-24,,,"  1,150,000 ",,,,,,,,,,"  1,150,000 ",,,,,,,,,,,,,,
,,6-Dec-24,,,"  3,524,000 ",,,,,"  3,524,000.00 ",,,,,,,,,,,,,,,,,,,
,,9-Dec-24,,,"  6,208,500 ",,,,,"  6,208,500.00 ",,,,,,,,,,,,,,,,,,,
,,10-Dec-24,,,"  4,925,500 ",,,,,"  4,925,500.00 ",,,,,,,,,,,,,,,,,,,
,,10-Dec-24,,,"  60,000 ",,,,,,,,,"  60,000 ",,,,,,,,,,,,,,,
,,11-Dec-24,,,"  119,600,000 ",,,,,,,,,,,,"  119,600,000 ",,,,,,,,,,,,
,,11-Dec-24,,,"  4,828,000 ",,,,,"  4,828,000.00 ",,,,,,,,,,,,,,,,,,,
,,12-Dec-24,penjualan,,"  4,289,500 ",,,,,"  4,289,500.00 ",,,,,,,,,,,,,,,,,,,
,,12-Dec-24,penjualan,,"  5,678,200 ",,,,,,,"  5,678,200 ",,,,,,,,,,,,,,,,,
,,13-Dec-24,penjualan,,"  2,703,000 ",,,,,"  2,703,000.00 ",,,,,,,,,,,,,,,,,,,
,,16-Dec-24,kantin,,"  5,717,500 ",,,,,"  5,717,500.00 ",,,,,,,,,,,,,,,,,,,
,,16-Dec-24,RETURN,,,,,,,,,,,,"  1,100,000 ",,,,,,,,,,,,,,
,,16-Dec-24,penjualan,,"  285,200 ",,,,,,,,,"  285,200 ",,,,,,,,,,,,800,,,
,,16-Dec-24,penjualan,,"  379,000 ",,,,,,,,,"  379,000 ",,,,,,,,,,,,,,,
,,17-Dec-24,penjualan,,"  3,947,500 ",,,,,"  3,947,500.00 ",,,,,,,,,,,,,,,,,,,
,,18-Dec-24,photocopy,,"  4,166,500 ",,,,,"  4,166,500.00 ",,,,,,,,,,,,,,,,,,,
,,19-Dec-24,penjualan,,"  4,511,000 ",,,,,"  4,511,000.00 ",,,,,,,,,,,,,,,,,,,
,,20-Dec-24,penjualan,,"  3,354,200 ",,,,,"  3,354,200.00 ",,,,,,,,,,,,,,,,,,,
,,20-Dec-24,penjualan,,"  371,900 ",,,,,,,,,"  371,900 ",,,,,,,,,,,,,,,
,,20-Dec-24,penjualan,,"  236,200 ",,,,,,,,,"  236,200 ",,,,,,,,,,,,,,,
,,23-Dec-24,penjualan,,"  2,450,000 ",,,,,,,,,,"  2,450,000 ",,,,,,,,,,,,,,
,,23-Dec-24,penjualan,,"  5,345,600 ",,,,,,,"  5,345,600 ",,,,,,,,,,,,,,,,,
,,23-Dec-24,penjualan,,"  4,523,500 ",,,,,"  4,523,500.00 ",,,,,,,,,,,,,,,,,,,
,,24-Dec-24,penjualan,,"  5,020,500 ",,,,,"  5,020,500.00 ",,,,,,,,,,,,,,,,,,,
,,27-Dec-24,penjualan,,"  5,396,700 ",,,,,,,"  5,396,700 ",,,,,,,,,,,,,,,,,
,,27-Dec-24,penjualan,,"  3,715,300 ",,,,,"  3,715,300.00 ",,,,,,,,,,,,,,,,,,,
,,30-Dec-24,,,"  4,798,900 ",,,,,"  4,798,900 ",,,,,,,,,,,,,,,,,,,
,,31-Dec-24,,,"  1,913,400 ",,,,,,,"  1,913,400 ",,,,,,,,,,,,,,,,,
,,31-Dec-24,,,"  2,150,000 ",,,,,,,,,,"  2,150,000 ",,,,,,,,,,,,,,
,,31-Dec-24,,,"  3,105,100 ",,,,,"  3,105,100.00 ",,,,,,,,,,,,,,,,,,,
,,27-Dec-23,,,  - ,,,,,,,,,,,,,,,,,,,,,,,,
,,28-Dec-23,,,  - ,,,,,,,,,,,,,,,,,,,,,,,,
,,28-Dec-23,,,  - ,,,,,,,,,,,,,,,,,,,,,,,,
,,29-Dec-23,,,  - ,,,,,,,,,,,,,,,,,,,,,,,,
,,29-Dec-23,,,  - ,,,,,,,,,,,,,,,,,,,,,,,,
,,29-Dec-23,,,  - ,,,,,,,,,,,,,,,,,,,,,,,,
,,13-Mar-25,,,"  3,975,000 ",,,,,,,,,,"  3,975,000 ",,,,,,,,, MARET ,,,,,
,,2-Jan-24,,,  - ,,,,,,,,,,,,,,,,,,,,,,,,
,,14-Mar-25,,,"  432,000 ",,,,,,,,,"  432,000 ",,,,,,,,,, MARET ,,,,,
,,14-Mar-25,,,"  52,700 ",,,,,,,,,"  52,700 ",,,,,,,,,, MARET ,,,,,
,,17-Mar-25,,,"  191,200 ",,,,,,,,,"  191,200 ",,,,,,,,,, MARET ,,,,,
,,17-Mar-25,,,"  2,545,000 ",,,,,"  2,545,000.00 ",,,,,,,,,,,,,, MARET ,,,,,
,,17-Mar-25,,,"  3,436,900 ",,,,,,,"  3,436,900 ",,,,,,,,,,,, MARET ,,,,,
,,17-Mar-25,,,"  2,357,100 ",,,,,"  2,357,100.00 ",,,,,,,,,,,,,, MARET ,,,,,
,,17-Mar-25,,,"  2,906,400 ",,,,,"  2,906,400.00 ",,,,,,,,,,,,,, MARET ,,,,,
,,18-Mar-25,,,"  6,559,700 ",,,,,"  6,559,700.00 ",,,,,,,,,,,,,, MARET ,,,,3375,
,,18-Mar-25,,,"  800,000 ",,,,,,,,,,"  800,000 ",,,,,,,,, MARET ,,,,,
,,19-Mar-25,,,"  1,450,000 ",,,,,,,,,,"  1,450,000 ",,,,,,,,, MARET ,,,,,
,,20-Mar-25,,,"  2,163,500 ",,,,,"  2,163,500.00 ",,,,,,,,,,,,,, MARET ,,,,,
,,21-Mar-25,,,"  3,998,000 ",,,,,"  3,998,000.00 ",,,,,,,,,,,,,, MARET ,,,,,
,,21-Mar-25,,,"  4,446,800 ",,,,,,,"  4,446,800 ",,,,,,,,,,,, MARET ,,,,,
,,24-Mar-25,,,"  8,426,900 ",,,,,,,"  8,426,900 ",,,,,,,,,,,, MARET ,,,,,
,,25-Mar-25,,,"  2,572,500 ",,,,,"  2,572,500 ",,,,,,,,,,,,,, MARET ,,,,,
,,25-Mar-25,,,"  2,516,500 ",,,,,"  2,516,500 ",,,,,,,,,,,,,, MARET ,,,,,
,,25-Mar-25,,,"  575,000 ",,,,,,,"  575,000 ",,,,,,,,,,,, MARET ,,,,,
,,26-Mar-25,,,"  1,250,000 ",,,,,,,"  1,250,000 ",,,,,,,,,,,, MARET ,,,,,
,,27-Mar-25,,,"  2,926,000 ",,,,,"  2,926,000 ",,,,,,,,,,,,,, MARET ,,,,,
,,27-Mar-25,,,"  28,000 ",,,,,,,,,"  28,000 ",,,,,,,,,, MARET ,,,,,
,,27-Mar-25,,,"  1,727,500 ",,,,,"  1,727,500 ",,,,,,,,,,,,,, MARET ,,,,,
,,,,,  - ,,,,,,,,,,,,,,,,,,,,,,,,
,,,,,  - ,,,,,,,,,,,,,,,,,,, APRIL ,,,,,
,,8-Apr-25,,,"  5,370,500 ",,,,,"  5,370,500 ",,,,,,,,,,,,,, APRIL ,,,,,
,,8-Apr-25,,,"  200,000 ",,,,,,,,,,"  200,000 ",,,,,,,,, APRIL ,,,,,
,,8-Apr-25,,,"  2,750,000 ",,,,,,,,,,"  2,750,000 ",,,,,,,,, APRIL ,,,,,
,,8-Apr-25,,,"  1,858,000 ",,,,,,,"  1,858,000 ",,,,,,,,,,,, APRIL ,,,,,
,,9-Apr-25,,,"  4,172,000 ",,,,,"  4,172,000 ",,,,,,,,,,,,,, APRIL ,,,,,
,,10-Apr-25,,,"  2,784,700 ",,,,,"  2,784,700 ",,,,,,,,,,,,,, APRIL ,,,,,
,,10-Apr-25,,,"  64,000 ",,,,,,,,,"  64,000 ",,,,,,,,,, APRIL ,,,,,
,,10-Apr-25,,,"  14,000 ",,,,,,,,,"  14,000 ",,,,,,,,,, APRIL ,,,,,
,,11-Apr-25,,,"  5,137,600 ",,,,,"  5,137,600 ",,,,,,,,,,,,,, APRIL ,,,,,
,,14-Apr-25,,,"  3,945,000 ",,,,,"  3,945,000 ",,,,,,,,,,,,,, APRIL ,,,,,
,,15-Apr-25,,,"  4,174,000 ",,,,,"  4,174,000 ",,,,,,,,,,,,,, APRIL ,,,,,
,,15-Apr-25,,,"  2,400,000 ",,,,,,,,,,"  2,400,000 ",,,,,,,,, APRIL ,,,,,
,,16-Apr-25,,,"  6,136,000 ",,,,,"  6,136,000 ",,,,,,,,,,,,,, APRIL ,,,,,
,,17-Apr-25,,,"  5,076,500 ",,,,,"  5,076,500 ",,,,,,,,,,,,,, APRIL ,,,,,
,,21-Apr-25,,,"  11,939,000 ",,,,,,,"  11,939,000 ",,,,,,,,,,,, APRIL ,,,,,
,,21-Apr-25,,,"  400,000 ",,,,,,,,,,"  400,000 ",,,,,,,,, APRIL ,,,,,
,,21-Apr-25,,,"  6,384,000 ",,,,,"  5,534,000 ",,,,,"  850,000 ",,,,,,,,, APRIL ,,,,,
,,21-Apr-25,,,"  400,000 ",,,,,,,,,,"  400,000 ",,,,,,,,, APRIL ,,,,,
,,,,,"  1,202,000 ",,,,,,,"  1,202,000 ",,,,,,,,,,,, APRIL ,,,,,
,,,,,"  83,272 ",,,,,,,,,"  83,272 ",,,,,,,,,, APRIL ,,,,,
,,22-Apr-25,,,"  6,027,000 ",,,,,"  6,027,000 ",,,,,,,,,,,,,, APRIL ,,,,,
,,,,,"  200,000 ",,,,,,,,,,"  200,000 ",,,,,,,,, APRIL ,,,,,
,,23-Apr-25,,,"  6,295,500 ",,,,,"  6,295,500 ",,,,,,,,,,,,,, APRIL ,,,,,
,,24-Apr-25,,,"  3,865,000 ",,,,,"  3,865,000 ",,,,,,,,,,,,,, APRIL ,,,,,
,,25-Apr-25,,,"  3,632,000 ",,,,,"  3,632,000 ",,,,,,,,,,,,,, APRIL ,,,,,
,,28-Apr-25,,,"  3,760,500 ",,,,,"  3,760,500 ",,,,,,,,,,,,,, APRIL ,,,,,
,,29-Apr-25,,,"  4,375,500 ",,,,,"  4,375,500 ",,,,,,,,,,,,,, APRIL ,,,,,
,,30-Apr-25,,,"  5,136,000 ",,,,,"  5,136,000 ",,,,,,,,,,,,,, APRIL ,,,,,
,,,,,"  5,324,618 ",,,"  323,250 ","  700,000 ",,,,,"  1,368 ","  4,300,000 ",,,,,,,,, APRIL ,,,,,
,,,,,  - ,,,,,,,,,,,,,,,,,,,,,,,,
,,2-May-25,,,"  7,200,300 ",,,,,,,"  7,200,300 ",,,,,,,,,,,, MEI ,,,,,
,,2-May-25,VOUCHER,,"  270,000 ",,,,,,,,,,"  270,000 ",,,,,,,,, MEI ,,,,,
,,2-May-25,VOUCHER,,"  400,000 ",,,,,,,,,,"  400,000 ",,,,,,,,, MEI ,,,,,
,,2-May-25,VOUCHER,,"  2,100,000 ",,,,,,,,,,"  2,100,000 ",,,,,,,,, MEI ,,,,,
,,2-May-25,VOUCHER,,"  1,150,000 ",,,,,,,,,,"  1,150,000 ",,,,,,,,, MEI ,,,,,
,,2-May-25,penjualan,,"  4,577,500 ",,,,,"  4,577,500 ",,,,,,,,,,,,,, MEI ,,,,,
,,5-May-25,KANTIN,,"  485,000 ",,,,"  485,000 ",,,,,,,,,,,,,,, MEI ,,,,,
,,5-May-25,KANTIN,,"  250,000 ",,,,"  250,000 ",,,,,,,,,,,,,,, MEI ,,,,,
,,5-May-25,penjualan,,"  5,818,000 ",,,,,"  5,818,000 ",,,,,,,,,,,,,, MEI ,,,,,
,,6-May-25,penjualan,,"  4,942,800 ",,,,,"  4,942,800 ",,,,,,,,,,,,,, MEI ,,,,,
,,7-May-25,REALISASI,,"  1,785,500 ",,,,,,,"  1,785,500 ",,,,,,,,,,,, MEI ,,,,,
,,7-May-25,penjualan,,"  4,950,300 ",,,,,"  4,950,300 ",,,,,,,,,,,,,, MEI ,,,,,
,,8-May-25,,,"  1,500,000 ",,,,,,,,,,"  1,500,000 ",,,,,,,,, MEI ,,,,,
,,8-May-25,,,"  200,000 ",,,,,,,,,,"  200,000 ",,,,,,,,, MEI ,,,,,
,,8-May-25,,,"  5,448,800 ",,,,,"  5,448,800 ",,,,,,,,,,,,,, MEI ,,,,,
,,8-May-25,,,"  9,200 ",,,,,,,,,"  9,200 ",,,,,,,,,, MEI ,,,,,
,,9-May-25,,,"  4,299,000 ",,,,,"  4,299,000 ",,,,,,,,,,,,,, MEI ,,,,,
,,14-May-25,,,"  9,534,500 ",,,,,,,"  9,534,500 ",,,,,,,,,,,, MEI ,,,,,
,,14-May-25,,,"  4,749,000 ",,,,,"  4,749,000 ",,,,,,,,,,,,,, MEI ,,,,,
,,15-May-25,,,"  4,346,000 ",,,,,"  4,346,000 ",,,,,,,,,,,,,, MEI ,,,,,
,,16-May-25,,,"  4,089,500 ",,,,,"  4,089,500 ",,,,,,,,,,,,,, MEI ,,,,,
,,19-May-25,,,"  200,000 ",,,,,,,,,,"  200,000 ",,,,,,,,, MEI ,,,,,
,,19-May-25,,,"  1,450,000 ",,,,,,,,,,"  1,450,000 ",,,,,,,,, MEI ,,,,,
,,19-May-25,,,"  3,107,500 ",,,,,,,"  3,107,500 ",,,,,,,,,,,, MEI ,,,,,
,,19-May-25,,,"  5,408,500 ",,,,,"  5,408,500 ",,,,  - ,,,,,,,,,, MEI ,,,,,
,,20-May-25,,,"  5,604,300 ",,,,,"  5,604,300 ",,,,,,,,,,,,,, MEI ,,,,,
,,21-May-25,,,"  1,550,000 ",,,,,,,,,,"  1,550,000 ",,,,,,,,, MEI ,,,,,
,,21-May-25,,,"  4,291,500 ",,,,,"  4,291,500 ",,,,,,,,,,,,,, MEI ,,,,,
,,22-May-25,,,"  3,860,500 ",,,,,"  3,860,500 ",,,,,,,,,,,,,, MEI ,,,,,
,,23-May-25,,,"  5,185,500 ",,,,,,,"  4,535,500 ",,,"  650,000 ",,,,,,,,, MEI ,,,,,
,,23-May-25,,,"  4,578,200 ",,,,,"  4,578,200 ",,,,,,,,,,,,,, MEI ,,,,,
,,26-May-25,,,"  4,870,000 ",,,,,"  4,870,000 ",,,,,,,,,,,,,, MEI ,,,,,
,,,,,"  8,330,000 ",,,,,,,,,"  8,330,000 ",,,,,,,,,, MEI ,,,,,
,,27-May-25,,,"  800,000 ",,,,,,,,,,"  800,000 ",,,,,,,,, MEI ,,,,,
,,27-May-25,,,"  4,009,000 ",,,,,"  4,009,000 ",,,,,,,,,,,,,, MEI ,,,,,
,,28-May-25,,,"  5,773,500 ",,,,,,,"  5,473,500 ",,,"  300,000 ",,,,,,,,, MEI ,,,,,
,,28-May-25,,,"  950,000 ",,,"  950,000 ",,,,,,,,,,,,,,,, MEI ,,,,,
,,,,,  - ,,,,,,,,,,,,,,,,,,,,,,,,
,,,,,  - ,,,,,,,,,,,,,,,,,,,,,,,,
,,2-Jun-25,,,"  5,155,500 ",,,,,"  5,155,500 ",,,,,,,,,,,,,, JUNI ,,,,,
,,3-Jun-25,,,"  3,971,500 ",,,,,"  3,971,500 ",,,,,,,,,,,,,, JUNI ,,,,,
,,4-Jun-25,,,"  1,794,500 ",,,,,,,"  1,794,500 ",,,,,,,,,,,, JUNI ,,,,,
,,4-Jun-25,,,"  200,000 ",,,,,,,,,,"  200,000 ",,,,,,,,, JUNI ,,,,,
,,4-Jun-25,,,"  650,000 ",,,,,,,,,,"  650,000 ",,,,,,,,, JUNI ,,,,,
,,4-Jun-25,,,"  2,450,000 ",,,,,,,,,,"  2,450,000 ",,,,,,,,, JUNI ,,,,,
,,4-Jun-25,,,"  5,172,700 ",,,,,"  5,172,700 ",,,,,,,,,,,,,, JUNI ,,,,,
,,4-Jun-25,,,"  550,000 ",,,,"  550,000 ",,,,,,,,,,,,,,, JUNI ,,,,,
,,4-Jun-25,,,"  664,250 ",,,"  664,250 ",  -   ,,,,,,,,,,,,,,, JUNI ,,,,,
,,5-Jun-25,,,"  2,915,500 ",,  -   ,,,"  2,915,500 ",,,,,,,,,,,,,, JUNI ,,,,,
,,10-Jun-25,,,"  5,015,500 ",,,,,"  5,015,500 ",,,,,,,,,,,,,, JUNI ,,,,,
,,10-Jun-25,,,"  1,746,000 ",,,,,,,"  1,746,000 ",,,,,,,,,,,, JUNI ,,,,,
,,10-Jun-25,,,"  1,383,000 ",,"  1,383,000 ",,,,,,,,,,,,,,,,, JUNI ,,,,,
,,11-Jun-25,,,"  3,370,500 ",,,,,"  3,370,500 ",,,,,,,,,,,,,, JUNI ,,,,,
,,12-Jun-25,,,"  850,000 ",,,,,,,,,,"  850,000 ",,,,,,,,, JUNI ,,,,,
,,12-Jun-25,,,"  2,278,000 ",,,,,,,"  2,278,000 ",,,,,,,,,,,, JUNI ,,,,,
,,12-Jun-25,,,"  4,655,500 ",,"  4,655,500 ",,,,,,,,,,,,,,,,, JUNI ,,,,,
,,12-Jun-25,,,"  4,932,500 ",,,,,"  4,932,500 ",,,,,,,,,,,,,, JUNI ,,,,,
,,12-Jun-25,,,"  4,203,500 ",,,,,"  4,203,500 ",,,,,,,,,,,,,, JUNI ,,,,,
,,13-Jun-25,,,"  5,965,000 ",,,,,"  5,965,000 ",,,,,,,,,,,,,, JUNI ,,,,,
,,16-Jun-25,,,"  191,569 ",,,,,,,,,"  191,569 ",,,,,,,,,, JUNI ,,,,,
,,17-Jun-25,,,"  4,840,500 ",,,,,"  4,840,500 ",,,,,,,,,,,,,, JUNI ,,,,,
,,,,,"  1,529,500 ",,,,,,,"  1,529,500 ",,,,,,,,,,,, JUNI ,,,,,
,,18-Jun-25,,,"  3,593,000 ",,,,,"  3,593,000 ",,,,,,,,,,,,,, JUNI ,,,,,
,,19-Jun-25,,,"  4,358,500 ",,,,,"  4,358,500 ",,,,,,,,,,,,,, JUNI ,,,,,
,,19-Jun-25,,,"  185,000 ",,,,,,,,,"  185,000 ",,,,,,,,,, JUNI ,,,,,
,,20-Jun-25,,,"  429,500 ",,,,,,,"  429,500 ",,,,,,,,,,,, JUNI ,,,,,
,,20-Jun-25,,,"  1,400,000 ",,,,,,,,,,"  1,400,000 ",,,,,,,,, JUNI ,,,,,
,,20-Jun-25,,,"  600,000 ",,,,,,,,,,"  600,000 ",,,,,,,,, JUNI ,,,,,
,,20-Jun-25,,,"  4,327,500 ",,,,,"  4,327,500 ",,,,,,,,,,,,,, JUNI ,,,,,
,,23-Jun-25,,,"  7,673,100 ",,,,"  1,350,000 ","  6,323,100 ",,,,,,,,,,,,,, JUNI ,,,,,
,,24-Jun-25,,,"  4,858,000 ",,,,,"  4,858,000 ",,,,,,,,,,,,,, JUNI ,,,,,
,,25-Jun-25,,,"  7,816,759 ",,,,,"  5,014,500 ",,"  2,278,500 ",,"  23,759 ","  500,000 ",,,,,,,,, JUNI ,,,,,
,,26-Jun-25,,,"  4,671,000 ",,,,,"  4,671,000 ",,,,,,,,,,,,,, JUNI ,,,,,
,,,,,"  5,971,500 ",,,,,"  4,176,500 ",,,,,"  1,795,000 ",,,,,,,,, JUNI ,,,,,
,,,,,  - ,,,,,,,,,,,,,,,,,,,,,,,,
,,1-Jul-25,,,"  11,155,500 ",,,,,"  5,417,500 ",,"  5,338,000 ",,,"  400,000 ",,,,,,,,, JULI ,,,,,
,,2-Jul-25,,,"  7,252,200 ",,"  1,735,000 ",,,"  5,517,200 ",,,,,,,,,,,,,, JULI ,,,,,
,,3-Jul-25,,,"  5,054,800 ",,,,,"  4,982,000 ",,,,"  72,800 ",,,,,,,,,, JULI ,,,,,
,,4-Jul-25,,,"  9,894,800 ",,,,,"  4,751,300 ",,"  3,043,500 ",,,"  2,100,000 ",,,,,,,,, JULI ,,,,,
,,7-Jul-25,,,"  5,370,500 ",,,,,"  5,370,500 ",,,,,,,,,,,,,, JULI ,,,,,
,,8-Jul-25,,,"  5,173,500 ",,,,,"  5,173,500 ",,,,,,,,,,,,,, JULI ,,,,,
,,9-Jul-25,,,"  4,866,500 ",,,,,"  4,866,500 ",,,,,,,,,,,,,, JULI ,,,,,
,,10-Jul-25,,,"  7,321,500 ",,,,,"  3,979,000 ",,"  1,942,500 ",,,"  1,400,000 ",,,,,,,,, JULI ,,,,,
,,11-Jul-25,,,"  4,760,100 ",,,,,"  4,746,100 ",,,,"  14,000 ",,,,,,,,,, JULI ,,,,,
,,14-Jul-25,,,"  4,719,750 ",,,,,"  4,719,750 ",,,,,,,,,,,,,, JULI ,,,,,
,,15-Jul-25,,,"  8,714,500 ",,,,,"  8,714,500 ",,,,,,,,,,,,,, JULI ,,,,,
,,16-Jul-25,,,"  8,257,600 ","  250,000 ",,,,"  5,183,100 ",,"  2,824,500 ",,,,,,,,,,,, JULI ,,,,,
,,17-Jul-25,,,"  5,926,501 ",,,,"  600,000 ","  5,207,100 ",,,,"  119,401 ",,,,,,,,,, juli ,,,,,
,,18-Jul-25,,,"  3,946,000 ",,,,,"  3,946,000 ",,,,,,,,,,,,,, JULI ,,,,,
,,21-Jul-25,,,"  4,067,500 ",,,,,"  4,067,500 ",,,,,,,,,,,,,, juli ,,,,,
,,22-Jul-25,,,"  7,610,500 ",,,,,"  5,560,500 ",,,,,"  2,050,000 ",,,,,,,,, juli ,,,,,
,,23-Jul-25,,,"  4,950,000 ","  50,000 ",,,,"  4,900,000 ",,,,,,,,,,,,,, juli ,,,,,
,,24-Jul-25,,,"  5,656,500 ",,,,,"  5,656,500 ",,,,,,,,,,,,,, JULI ,,,,,
,,25-Jul-25,,,"  4,314,000 ",,,,,"  4,114,000 ",,,,,"  200,000 ",,,,,,,,, juli ,,,,,
,,28-Jul-25,,,"  11,476,800 ",,,,,"  5,540,800 ",,"  4,886,000 ",,,"  1,050,000 ",,,,,,,,, juli ,,,,,
,,29-Jul-25,,,"  5,049,000 ",,,,,"  5,049,000 ",,,,,,,,,,,,,, juli ,,,,,
,,30-Jul-25,,,"  5,408,000 ",,,,,"  5,408,000 ",,,,,,,,,,,,,, juli ,,,,,
,,31-Jul-25,,,"  8,059,800 ",,"  1,338,600 ",,,"  5,297,200 ",,"  1,424,000 ",,,,,,,,,,,, juli ,,,,,
,,,,,  - ,,,,,,,,,,,,,,,,,,,,,,,,
,,1-Aug-25,,,"  8,695,950 ",,,"  727,450 ","  300,000 ","  5,307,500 ",,"  1,261,000 ",,,"  1,100,000 ",,,,,,,,, AGUSTUS ,,,,,
,,4-Aug-25,,,"  10,639,000 ",,,,,"  6,414,500 ",,"  2,274,500 ",,,"  1,950,000 ",,,,,,,,, AGUSTUS ,,,,,
,,5-Aug-25,,,"  16,737,514 ","  9,325,414 ",,,"  1,200,000 ","  6,212,100 ",,,,,,,,,,,,,, AGUSTUS ,,,,,
,,6-Aug-25,,,"  5,599,100 ",,,,,"  5,599,100 ",,,,,,,,,,,,,, AGUSTUS ,,,,,
,,7-Aug-25,,,"  6,315,000 ",,,,,"  6,315,000 ",,,,,,,,,,,,,, AGUSTUS ,,,,,
,,8-Aug-25,,,"  5,819,250 ",,,,,"  5,819,250 ",,,,,,,,,,,,,, AGUSTUS ,,,,,
,,11-Aug-25,,,"  6,455,500 ","  500,000 ",,,,"  5,955,500 ",,,,,,,,,,,,,, AGUSTUS ,,,,,
,,12-Aug-25,,,"  13,848,500 ","  2,378,000 ",,,,"  5,456,500 ",,"  3,764,000 ",,,"  2,250,000 ",,,,,,,,, AGUSTUS ,,,,,
,,13-Aug-25,,,"  6,166,000 ",,,,,"  6,140,000 ",,,,"  26,000 ",,,,,,,,,, AGUSTUS ,,,,,
,,14-Aug-25,,,"  6,053,000 ",,,,,"  6,053,000 ",,,,,,,,,,,,,, AGUSTUS ,,,,,
,,15-Aug-25,,,"  5,838,500 ",,,,,"  5,838,500 ",,,,,,,,,,,,,, AGUSTUS ,,,,,
,,19-Aug-25,,,"  12,100,876 ","  1,911,776 ",,,"  400,000 ","  5,788,000 ",,"  2,601,100 ",,,"  1,400,000 ",,,,,,,,, AGUSTUS ,,,,,
,,20-Aug-25,,,"  6,192,750 ","  65,000 ",,,,"  6,127,750 ",,,,,,,,,,,,,, AGUSTUS ,,,,,
,,21-Aug-25,,,"  5,503,200 ",,,,,"  5,503,200 ",,,,,,,,,,,,,, AGUSTUS ,,,,,
,,22-Aug-25,,,"  8,548,050 ","  500,000 ",,,,"  4,790,250 ",,"  1,707,800 ",,,"  1,550,000 ",,,,,,,,, AGUSTUS ,,,,,
,,25-Aug-25,,,"  6,501,048 ","  562,548 ",,,,"  5,938,500 ",,,,,,,,,,,,,, AGUSTUS ,,,,,
,,26-Aug-25,,,"  6,028,500 ",,,,,"  6,028,500 ",,,,,,,,,,,,,, AGUSTUS ,,,,,
,,27-Aug-25,,,"  6,671,500 ","  968,000 ",,,,"  5,703,500 ",,,,,,,,,,,,,, AGUSTUS ,,,,,
,,28-Aug-25,,,"  10,484,500 ",,,,,"  4,302,500 ",,"  5,182,000 ",,,"  1,000,000 ",,,,,,,,, AGUSTUS ,,,,,
,,29-Aug-25,,,"  8,988,150 ",,,"  883,650 ",,"  3,814,500 ",,"  1,940,000 ",,,"  2,350,000 ",,,,,,,,, AGUSTUS ,,,,,
,,,,,  - ,,,,,,,,,,,,,,,,,,,,,,,,
,,2-Sep-25,,,"  6,500,300 ",,,,,"  6,500,300 ",,,,,,,,,,,,,, SEPTEMBER ,,,,,
,,3-Sep-25,,,"  6,355,250 ",,,,,"  6,355,250 ",,,,,,,,,,,,,, SEPTEMBER ,,,,,
,,4-Sep-25,,,"  5,654,500 ",,,,,"  5,612,500 ",,,,"  42,000 ",,,,,,,,,, SEPTEMBER ,,,,,
,,8-Sep-25,,,"  18,431,500 ","  3,300,000 ",,,"  900,000 ","  5,694,000 ",,"  7,187,500 ",,,"  1,350,000 ",,,,,,,,, SEPTEMBER ,,,,,
,,9-Sep-25,,,"  6,179,973 ","  1,718,973 ",,,,"  4,461,000 ",,,,,,,,,,,,,, SEPTEMBER ,,,,,
,,10-Sep-25,,,"  5,117,500 ",,,,,"  5,117,500 ",,,,,,,,,,,,,, SEPTEMBER ,,,,,
,,11-Sep-25,,,"  5,787,500 ",,,,,"  5,787,500 ",,,,,,,,,,,,,, SEPTEMBER ,,,,,
,,12-Sep-25,,,"  11,953,846 ",,,,,"  5,309,000 ",,"  4,593,000 ",,"  101,846 ","  1,950,000 ",,,,,,,,, SEPTEMBER ,,,,,
,,15-Sep-25,,,"  6,744,000 ",,,,,"  6,744,000 ",,,,,,,,,,,,,, SEPTEMBER ,,,,,
,,16-Sep-25,,,"  7,234,500 ",,,,,"  7,234,500 ",,,,,,,,,,,,,, SEPTEMBER ,,,,,
,,17-Sep-25,,,"  6,291,000 ",,,,,"  6,291,000 ",,,,,,,,,,,,,, SEPTEMBER ,,,,,
,,18-Sep-25,,,"  11,706,300 ",,,,,"  6,683,900 ",,"  3,172,400 ",,,"  1,850,000 ",,,,,,,,, SEPTEMBER ,,,,,
,,19-Sep-25,,,"  7,188,000 ","  1,775,000 ",,,"  400,000 ","  5,013,000 ",,,,,,,,,,,,,, SEPTEMBER ,,,,,
,,22-Sep-25,,,"  8,346,000 ",,,,,"  8,346,000 ",,,,,,,,,,,,,, SEPTEMBER ,,,,,
,,23-Sep-25,,,"  15,215,900 ","  2,798,500 ","  1,532,400 ",,,"  6,943,000 ",,"  2,992,000 ",,,"  950,000 ",,,,,,,,, SEPTEMBER ,,,,,
,,24-Sep-25,,,"  6,281,100 ",,,,,"  6,281,100 ",,,,,,,,,,,,,, SEPTEMBER ,,,,,
,,25-Sep-25,,,"  8,918,600 ",,,,,"  5,361,000 ",,"  2,357,600 ",,,"  1,200,000 ",,,,,,,,, SEPTEMBER ,,,,,
,,26-Sep-25,,,"  5,862,500 ",,,,,"  4,591,000 ",,"  1,271,500 ",,,,,,,,,,,, SEPTEMBER ,,,,,
,,29-Sep-25,,,"  8,544,100 ","  887,800 ",,,,"  5,330,300 ",,"  2,326,000 ",,,,,,,,,,,, SEPTEMBER ,,,,,
,,30-Sep-25,,,"  9,760,750 ",,,"  1,241,750 ","  1,200,000 ","  7,319,000 ",,,,,,,,,,,,,, SEPTEMBER ,,,,,
,,,,,  - ,,,,,,,,,,,,,,,,,,,,,,,,
,,1-Oct-25,,,"  8,829,000 ",,,,,"  5,554,000 ",,"  2,625,000 ",,,"  650,000 ",,,,,,,,, OKTOBER ,,,,,
,,2-Oct-25,,,"  5,887,000 ",,,,,"  4,654,000 ",,,,"  83,000 ","  1,150,000 ",,,,,,,,, OKTOBER ,,,,,
,,3-Oct-25,,,"  10,511,800 ","  1,957,300 ",,,,"  5,381,000 ",,"  2,959,000 ",,"  214,500 ",,,,,,,,,, OKTOBER ,,,,,
,,6-Oct-25,,,"  7,060,000 ",,,,,"  6,098,000 ",,"  612,000 ",,,"  350,000 ",,,,,,,,, OKTOBER ,,,,,
,,7-Oct-25,,,"  7,854,000 ","  2,575,500 ",,,,"  5,278,500 ",,,,,,,,,,,,,, OKTOBER ,,,,,
,,8-Oct-25,,,"  5,274,000 ",,,,,"  5,274,000 ",,,,,,,,,,,,,, OKTOBER ,,,,,
,,9-Oct-25,,,"  9,341,000 ",,,,,"  6,077,700 ",,"  3,263,300 ",,,,,,,,,,,, OKTOBER ,,,,,
,,10-Oct-25,,,"  10,368,800 ",,,,,"  5,001,800 ",,,,,,,"  5,367,000 ",,,,,,, OKTOBER ,,,,,
,,13-Oct-25,,,"  6,088,500 ",,,,,"  6,088,500 ",,,,,,,,,,,,,, OKTOBER ,,,,,
,,14-Oct-25,,,"  17,851,500 ",,,,,"  5,902,000 ",,"  3,599,500 ",,,"  1,350,000 ",,"  7,000,000 ",,,,,,, OKTOBER ,,,,,
,,15-Oct-25,,,"  6,147,500 ",,,,,"  6,147,500 ",,,,,,,,,,,,,, OKTOBER ,,,,,
,,16-Oct-25,,,"  5,661,600 ",,,,,"  5,661,600 ",,,,,,,,,,,,,, OKTOBER ,,,,,
,,17-Oct-25,,,"  4,852,000 ",,,,,"  4,852,000 ",,,,,,,,,,,,,, OKTOBER ,,,,,
,,20-Oct-25,,,"  9,986,900 ",,,,,"  6,471,500 ",,"  3,515,400 ",,,,,,,,,,,, OKTOBER ,,,,,
,,21-Oct-25,,,"  5,897,000 ",,,,,"  5,897,000 ",,,,,,,,,,,,,, OKTOBER ,,,,,
,,22-Oct-25,,,"  5,045,000 ",,,,,"  5,045,000 ",,,,,,,,,,,,,, OKTOBER ,,,,,
,,23-Oct-25,,,"  10,574,300 ","  5,532,800 ",,,,"  5,041,500 ",,,,,,,,,,,,,, OKTOBER ,,,,,
,,24-Oct-25,,,"  27,385,600 ",,,,,"  4,731,000 ",,"  2,654,600 ",,,,"  20,000,000 ",,,,,,,, OKTOBER ,,,,,
,,27-Oct-25,,,"  39,674,500 ",,,,,"  5,674,500 ",,,,,,"  34,000,000 ",,,,,,,, OKTOBER ,,,,,
,,28-Oct-25,,,"  5,527,000 ",,,,,"  5,364,000 ",,,,"  163,000 ",,,,,,,,,, OKTOBER ,,,,,
,,,,,  - ,,,,,,,,,,,,,,,,,,,,,,,,
,,,,,  - ,,,,,,,,,,,,,,,,,,,,,,,,
,,,,,  - ,,,,,,,,,,,,,,,,,,,,,,,,
,,,,,  - ,,,,,,,,,,,,,,,,,,,,,,,,
,,,,,  - ,,,,,,,,,,,,,,,,,,,,,,,,
,,,,,  - ,,,,,,,,,,,,,,,,,,,,,,,,
,,,,,  - ,,,,,,,,,,,,,,,,,,,,,,,,
,,,,,  - ,,,,,,,,,,,,,,,,,,,,,,,,
,,,,,  - ,,,,,,,,,,,,,,,,,,,,,,,,
,,,,,  - ,,,,,,,,,,,,,,,,,,,,,,,,
,,,,,  - ,,,,,,,,,,,,,,,,,,,,,,,,
,,,,,  - ,,,,,,,,,,,,,,,,,,,,,,,,
,,,,,  - ,,,,,,,,,,,,,,,,,,,,,,,,
,,,,,  - ,,,,,,,,,,,,,,,,,,,,,,,,
,,,,,  - ,,,,,,,,,,,,,,,,,,,,,,,,
,,,,,  - ,,,,,,,,,,,,,,,,,,,,,,,,
,,,,,  - ,,,,,,,,,,,,,,,,,,,,,,,,
,,,,,  - ,,,,,,,,,,,,,,,,,,,,,,,,
,,,,,  - ,,,,,,,,,,,,,,,,,,,,,,,,
,,,,,  - ,,,,,,,,,,,,,,,,,,,,,,,,
,,,,,  - ,,,,,,,,,,,,,,,,,,,,,,,,
,,,,,  - ,,,,,,,,,,,,,,,,,,,,,,,,
,,,,,  - ,,,,,,,,,,,,,,,,,,,,,,,,
,,,,,  - ,,,,,,,,,,,,,,,,,,,,,,,,
,,,,,  - ,,,,,,,,,,,,,,,,,,,,,,,,
,,,,,  - ,,,,,,,,,,,,,,,,,,,,,,,,
,,,,,  - ,,,,,,,,,,,,,,,,,,,,,,,,
,,,,,  - ,,,,,,,,,,,,,,,,,,,,,,,,
,,,,,  - ,,,,,,,,,,,,,,,,,,,,,,,,
,,,,,  - ,,,,,,,,,,,,,,,,,,,,,,,,
,,,,,  - ,,,,,,,,,,,,,,,,,,,,,,,,
,,,,,  - ,,,,,,,,,,,,,,,,,,,,,,,,
,,,,,  - ,,,,,,,,,,,,,,,,,,,,,,,,
,,,,,  - ,,,,,,,,,,,,,,,,,,,,,,,,
,,,,,  - ,,,,,,,,,,,,,,,,,,,,,,,,
,,,,,  - ,,,,,,,,,,,,,,,,,,,,,,,,
,,,,,  - ,,,,,,,,,,,,,,,,,,,,,,,,
,,,,,  - ,,,,,,,,,,,,,,,,,,,,,,,,
,,,,,  - ,,,,,,,,,,,,,,,,,,,,,,,,
,,,,,  - ,,,,,,,,,,,,,,,,,,,,,,,,
,,,,,  - ,,,,,,,,,,,,,,,,,,,,,,,,
,,,,,  - ,,,,,,,,,,,,,,,,,,,,,,,,
,,,,,  - ,,,,,,,,,,,,,,,,,,,,,,,,
,,,,,  - ,,,,,,,,,,,,,,,,,,,,,,,,
,,,,,  - ,,,,,,,,,,,,,,,,,,,,,,,,
,,,,,  - ,,,,,,,,,,,,,,,,,,,,,,,,
,,,,,  - ,,,,,,,,,,,,,,,,,,,,,,,,
,,,,,  - ,,,,,,,,,,,,,,,,,,,,,,,,
,,,,,  - ,,,,,,,,,,,,,,,,,,,,,,,,
,,,,,  - ,,,,,,,,,,,,,,,,,,,,,,,,
,,,,,  - ,,,,,,,,,,,,,,,,,,,,,,,,
,,,,,  - ,,,,,,,,,,,,,,,,,,,,,,,,
,,,,,  - ,,,,,,,,,,,,,,,,,,,,,,,,
,,,,,  - ,,,,,,,,,,,,,,,,,,,,,,,,
,,,,,  - ,,,,,,,,,,,,,,,,,,,,,,,,
,,,,,  - ,,,,,,,,,,,,,,,,,,,,,,,,
,,,,,  - ,,,,,,,,,,,,,,,,,,,,,,,,
,,,,,  - ,,,,,,,,,,,,,,,,,,,,,,,,
,,,,,  - ,,,,,,,,,,,,,,,,,,,,,,,,
,,,,,  - ,,,,,,,,,,,,,,,,,,,,,,,,
,,,,,  - ,,,,,,,,,,,,,,,,,,,,,,,,
,,,,,  - ,,,,,,,,,,,,,,,,,,,,,,,,
,,,,,  - ,,,,,,,,,,,,,,,,,,,,,,,,
,,,,,  - ,,,,,,,,,,,,,,,,,,,,,,,,
,,,,,  - ,,,,,,,,,,,,,,,,,,,,,,,,
,,,,,  - ,,,,,,,,,,,,,,,,,,,,,,,,
,,,,,  - ,,,,,,,,,,,,,,,,,,,,,,,,
,,,,,  - ,,,,,,,,,,,,,,,,,,,,,,,,
,,,,,  - ,,,,,,,,,,,,,,,,,,,,,,,,
,,,,,  - ,,,,,,,,,,,,,,,,,,,,,,,,
,,,,,  - ,,,,,,,,,,,,,,,,,,,,,,,,
,,,,,  - ,,,,,,,,,,,,,,,,,,,,,,,,
,,,,,  - ,,,,,,,,,,,,,,,,,,,,,,,,
,,,,,  - ,,,,,,,,,,,,,,,,,,,,,,,,
,,,,,  - ,,,,,,,,,,,,,,,,,,,,,,,,
,,,,,  - ,,,,,,,,,,,,,,,,,,,,,,,,
,,,,,  - ,,,,,,,,,,,,,,,,,,,,,,,,
,,,,,  - ,,,,,,,,,,,,,,,,,,,,,,,,
,,,,,  - ,,,,,,,,,,,,,,,,,,,,,,,,
,,,,,  - ,,,,,,,,,,,,,,,,,,,,,,,,
,,,,,  - ,,,,,,,,,,,,,,,,,,,,,,,,
,,,,,  - ,,,,,,,,,,,,,,,,,,,,,,,,
,,,,,  - ,,,,,,,,,,,,,,,,,,,,,,,,
,,,,,  - ,,,,,,,,,,,,,,,,,,,,,,,,
,,,,,  - ,,,,,,,,,,,,,,,,,,,,,,,,
,,,,,  - ,,,,,,,,,,,,,,,,,,,,,,,,
,,,,,  - ,,,,,,,,,,,,,,,,,,,,,,,,
,,,,,  - ,,,,,,,,,,,,,,,,,,,,,,,,
,,,,,  - ,,,,,,,,,,,,,,,,,,,,,,,,
,,,,,  - ,,,,,,,,,,,,,,,,,,,,,,,,
,,,,,  - ,,,,,,,,,,,,,,,,,,,,,,,,
,,,,,  - ,,,,,,,,,,,,,,,,,,,,,,,,
,,,,,  - ,,,,,,,,,,,,,,,,,,,,,,,,
,,,,,  - ,,,,,,,,,,,,,,,,,,,,,,,,
,,,,,  - ,,,,,,,,,,,,,,,,,,,,,,,,
,,,,,  - ,,,,,,,,,,,,,,,,,,,,,,,,
,,,,,  - ,,,,,,,,,,,,,,,,,,,,,,,,
,,,,,  - ,,,,,,,,,,,,,,,,,,,,,,,,
,,,,,  - ,,,,,,,,,,,,,,,,,,,,,,,,
,,,,,  - ,,,,,,,,,,,,,,,,,,,,,,,,
,,,,,  - ,,,,,,,,,,,,,,,,,,,,,,,,
,,,,,  - ,,,,,,,,,,,,,,,,,,,,,,,,
,,,,,  - ,,,,,,,,,,,,,,,,,,,,,,,,
,,,,,  - ,,,,,,,,,,,,,,,,,,,,,,,,
,,,,,  - ,,,,,,,,,,,,,,,,,,,,,,,,
,,,,,  - ,,,,,,,,,,,,,,,,,,,,,,,,
,,,,,  - ,,,,,,,,,,,,,,,,,,,,,,,,
,,,,,  - ,,,,,,,,,,,,,,,,,,,,,,,,
,,,,,  - ,,,,,,,,,,,,,,,,,,,,,,,,
,,,,,  - ,,,,,,,,,,,,,,,,,,,,,,,,
,,,,,  - ,,,,,,,,,,,,,,,,,,,,,,,,
,,,,,  - ,,,,,,,,,,,,,,,,,,,,,,,,
,,,,,  - ,,,,,,,,,,,,,,,,,,,,,,,,
,,,,,  - ,,,,,,,,,,,,,,,,,,,,,,,,
,,,,,  - ,,,,,,,,,,,,,,,,,,,,,,,,
,,,,,  - ,,,,,,,,,,,,,,,,,,,,,,,,
,,,,,  - ,,,,,,,,,,,,,,,,,,,,,,,,
,,,,,  - ,,,,,,,,,,,,,,,,,,,,,,,,
,,,,,  - ,,,,,,,,,,,,,,,,,,,,,,,,
,,,,,  - ,,,,,,,,,,,,,,,,,,,,,,,,
,,,,,  - ,,,,,,,,,,,,,,,,,,,,,,,,
,,,,,  - ,,,,,,,,,,,,,,,,,,,,,,,,
,,,,,  - ,,,,,,,,,,,,,,,,,,,,,,,,
,,,,,  - ,,,,,,,,,,,,,,,,,,,,,,,,
,,,,,  - ,,,,,,,,,,,,,,,,,,,,,,,,
,,,,,  - ,,,,,,,,,,,,,,,,,,,,,,,,
,,,,,  - ,,,,,,,,,,,,,,,,,,,,,,,,
,,,,,  - ,,,,,,,,,,,,,,,,,,,,,,,,
,,,,,  - ,,,,,,,,,,,,,,,,,,,,,,,,
,,,,,  - ,,,,,,,,,,,,,,,,,,,,,,,,
,,,,,  - ,,,,,,,,,,,,,,,,,,,,,,,,
,,,,,  - ,,,,,,,,,,,,,,,,,,,,,,,,
,,,,,  - ,,,,,,,,,,,,,,,,,,,,,,,,
,,,,,  - ,,,,,,,,,,,,,,,,,,,,,,,,
,,,,,  - ,,,,,,,,,,,,,,,,,,,,,,,,
,,,,,  - ,,,,,,,,,,,,,,,,,,,,,,,,
,,,,,  - ,,,,,,,,,,,,,,,,,,,,,,,,
,,,,,,,,,,,,,,,,,,,,,,,,,,,,,
,,,,,,,,,,,,,,,,,,,,,,,,,,,,,
,,,,,,,,,,,,,,,,,,,,,,,,,,,,,
,,,,,,,,,,,,,,,,,,,,,,,,,,,,,
,,,,,,,,,,,,,,,,,,,,,,,,,,,,,
,,,,,,,,,,,,,,,,,,,,,,,,,,,,,
,,,,,,,,,,,,,,,,,,,,,,,,,,,,,
,,,,,,,,,,,,,,,,,,,,,,,,,,,,,
,,,,,,,,,,,,,,,,,,,,,,,,,,,,,
,,,,,,,,,,,,,,,,,,,,,,,,,,,,,
,,,,,,,,,,,,,,,,,,,,,,,,,,,,,
,,,,,,,,,,,,,,,,,,,,,,,,,,,,,
,,,,,,,,,,,,,,,,,,,,,,,,,,,,,
,,,,,,,,,,,,,,,,,,,,,,,,,,,,,
,,,,,,,,,,,,,,,,,,,,,,,,,,,,,
,,,,,,,,,,,,,,,,,,,,,,,,,,,,,
,,,,,,,,,,,,,,,,,,,,,,,,,,,,,
,,,,,,,,,,,,,,,,,,,,,,,,,,,,,
,,,,,,,,,,,,,,,,,,,,,,,,,,,,,
,,,,,,,,,,,,,,,,,,,,,,,,,,,,,
,,,,,  - ,,,,,,,,,,,,,,,,,,,,,,,,
,,,,,  - ,,,,,,,,,,,,,,,,,,,,,,,,
,,,,,  - ,,,,,,,,,,,,,,,,,,,,,,,,
,,,,,  - ,,,,,,,,,,,,,,,,,,,,,,,,
,,,,,  - ,,,,,,,,,,,,,,,,,,,,,,,,
,,,,,  - ,,,,,,,,,,,,,,,,,,,,,,,,
,,,,,  - ,,,,,,,,,,,,,,,,,,,,,,,,
,,,,,  - ,,,,,,,,,,,,,,,,,,,,,,,,
,,,,,  - ,,,,,,,,,,,,,,,,,,,,,,,,
,,,,,  - ,,,,,,,,,,,,,,,,,,,,,,,,
,,,,,  - ,,,,,,,,,,,,,,,,,,,,,,,,
,,,,,  - ,,,,,,,,,,,,,,,,,,,,,,,,
,,,,,  - ,,,,,,,,,,,,,,,,,,,,,,,,
,,,,,  - ,,,,,,,,,,,,,,,,,,,,,,,,
,,,,,  - ,,,,,,,,,,,,,,,,,,,,,,,,
,,,,,  - ,,,,,,,,,,,,,,,,,,,,,,,,
,,,,,  - ,,,,,,,,,,,,,,,,,,,,,,,,
,,,,,  - ,,,,,,,,,,,,,,,,,,,,,,,,
,,,,,  - ,,,,,,,,,,,,,,,,,,,,,,,,
,,,,,  - ,,,,,,,,,,,,,,,,,,,,,,,,
,,,,,  - ,,,,,,,,,,,,,,,,,,,,,,,,
,,,,,  - ,,,,,,,,,,,,,,,,,,,,,,,,
,,,,,  - ,,,,,,,,,,,,,,,,,,,,,,,,
,,,,,  - ,,,,,,,,,,,,,,,,,,,,,,,,
,,,,,  - ,,,,,,,,,,,,,,,,,,,,,,,,
,,,,,  - ,,,,,,,,,,,,,,,,,,,,,,,,
,,,,,  - ,,,,,,,,,,,,,,,,,,,,,,,,
,,,,,  - ,,,,,,,,,,,,,,,,,,,,,,,,
,,,,,  - ,,,,,,,,,,,,,,,,,,,,,,,,
,,,,,  - ,,,,,,,,,,,,,,,,,,,,,,,,
,,,,,  - ,,,,,,,,,,,,,,,,,,,,,,,,
,,,,,  - ,,,,,,,,,,,,,,,,,,,,,,,,
,,,,,  - ,,,,,,,,,,,,,,,,,,,,,,,,
,,,,,  - ,,,,,,,,,,,,,,,,,,,,,,,,
,,,,,  - ,,,,,,,,,,,,,,,,,,,,,,,,
,,,,,  - ,,,,,,,,,,,,,,,,,,,,,,,,
,,,,,  - ,,,,,,,,,,,,,,,,,,,,,,,,
,,,,,  - ,,,,,,,,,,,,,,,,,,,,,,,,
,,,,,  - ,,,,,,,,,,,,,,,,,,,,,,,,
,,,,,  - ,,,,,,,,,,,,,,,,,,,,,,,,
,,,,,  - ,,,,,,,,,,,,,,,,,,,,,,,,
,,,,,  - ,,,,,,,,,,,,,,,,,,,,,,,,
,,,,,  - ,,,,,,,,,,,,,,,,,,,,,,,,
,,,,,  - ,,,,,,,,,,,,,,,,,,,,,,,,
,,,,,  - ,,,,,,,,,,,,,,,,,,,,,,,,
,,,,,  - ,,,,,,,,,,,,,,,,,,,,,,,,
,,,,,  - ,,,,,,,,,,,,,,,,,,,,,,,,
,,,,,  - ,,,,,,,,,,,,,,,,,,,,,,,,
,,,,,  - ,,,,,,,,,,,,,,,,,,,,,,,,
,,,,,  - ,,,,,,,,,,,,,,,,,,,,,,,,
,,,,,  - ,,,,,,,,,,,,,,,,,,,,,,,,
,,,,,  - ,,,,,,,,,,,,,,,,,,,,,,,,
,,,,,  - ,,,,,,,,,,,,,,,,,,,,,,,,
,,,,,  - ,,,,,,,,,,,,,,,,,,,,,,,,
,,,,,  - ,,,,,,,,,,,,,,,,,,,,,,,,
,,,,,  - ,,,,,,,,,,,,,,,,,,,,,,,,
,,,,,  - ,,,,,,,,,,,,,,,,,,,,,,,,
,,,,,  - ,,,,,,,,,,,,,,,,,,,,,,,,
,,,,,  - ,,,,,,,,,,,,,,,,,,,,,,,,
,,,,,  - ,,,,,,,,,,,,,,,,,,,,,,,,
,,,,,  - ,,,,,,,,,,,,,,,,,,,,,,,,
,,,,,  - ,,,,,,,,,,,,,,,,,,,,,,,,
,,,,,  - ,,,,,,,,,,,,,,,,,,,,,,,,
,,,,,  - ,,,,,,,,,,,,,,,,,,,,,,,,
,,,,,  - ,,,,,,,,,,,,,,,,,,,,,,,,
,,,,,  - ,,,,,,,,,,,,,,,,,,,,,,,,
,,,,,  - ,,,,,,,,,,,,,,,,,,,,,,,,
,,,,,  - ,,,,,,,,,,,,,,,,,,,,,,,,
,,,,,  - ,,,,,,,,,,,,,,,,,,,,,,,,
,,,,,  - ,,,,,,,,,,,,,,,,,,,,,,,,
,,,,,  - ,,,,,,,,,,,,,,,,,,,,,,,,
,,,,,  - ,,,,,,,,,,,,,,,,,,,,,,,,
,,,,,  - ,,,,,,,,,,,,,,,,,,,,,,,,
,,,,,  - ,,,,,,,,,,,,,,,,,,,,,,,,
,,,,,  - ,,,,,,,,,,,,,,,,,,,,,,,,
,,,,,  - ,,,,,,,,,,,,,,,,,,,,,,,,
,,,,,  - ,,,,,,,,,,,,,,,,,,,,,,,,
,,,,,  - ,,,,,,,,,,,,,,,,,,,,,,,,
,,,,,  - ,,,,,,,,,,,,,,,,,,,,,,,,
,,,,,  - ,,,,,,,,,,,,,,,,,,,,,,,,
,,,,,  - ,,,,,,,,,,,,,,,,,,,,,,,,
,,,,,  - ,,,,,,,,,,,,,,,,,,,,,,,,
,,,,,  - ,,,,,,,,,,,,,,,,,,,,,,,,
,,,,,  - ,,,,,,,,,,,,,,,,,,,,,,,,
,,,,,  - ,,,,,,,,,,,,,,,,,,,,,,,,
,,,,,  - ,,,,,,,,,,,,,,,,,,,,,,,,
,,,,,  - ,,,,,,,,,,,,,,,,,,,,,,,,
,,,,,  - ,,,,,,,,,,,,,,,,,,,,,,,,
,,,,,  - ,,,,,,,,,,,,,,,,,,,,,,,,
,,,,,  - ,,,,,,,,,,,,,,,,,,,,,,,,
,,,,,  - ,,,,,,,,,,,,,,,,,,,,,,,,
,,,,,  - ,,,,,,,,,,,,,,,,,,,,,,,,
,,,,,  - ,,,,,,,,,,,,,,,,,,,,,,,,
,,,,,  - ,,,,,,,,,,,,,,,,,,,,,,,,
,,,,,  - ,,,,,,,,,,,,,,,,,,,,,,,,
,,,,,  - ,,,,,,,,,,,,,,,,,,,,,,,,
,,,,,  - ,,,,,,,,,,,,,,,,,,,,,,,,
,,,,,  - ,,,,,,,,,,,,,,,,,,,,,,,,
,,,,,  - ,,,,,,,,,,,,,,,,,,,,,,,,
,,,,,  - ,,,,,,,,,,,,,,,,,,,,,,,,
,,,,,  - ,,,,,,,,,,,,,,,,,,,,,,,,
,,,,,  - ,,,,,,,,,,,,,,,,,,,,,,,,
,,,,,  - ,,,,,,,,,,,,,,,,,,,,,,,,
,,,,,  - ,,,,,,,,,,,,,,,,,,,,,,,,
,,,,,  - ,,,,,,,,,,,,,,,,,,,,,,,,
,,,,,  - ,,,,,,,,,,,,,,,,,,,,,,,,
,,,,,  - ,,,,,,,,,,,,,,,,,,,,,,,,
,,,,,  - ,,,,,,,,,,,,,,,,,,,,,,,,
,,,,,  - ,,,,,,,,,,,,,,,,,,,,,,,,
,,,,,  - ,,,,,,,,,,,,,,,,,,,,,,,,
,,,,,  - ,,,,,,,,,,,,,,,,,,,,,,,,
,,,,,  - ,,,,,,,,,,,,,,,,,,,,,,,,
,,,,,  - ,,,,,,,,,,,,,,,,,,,,,,,,
,,,,,  - ,,,,,,,,,,,,,,,,,,,,,,,,
,,,,,  - ,,,,,,,,,,,,,,,,,,,,,,,,
,,,,,  - ,,,,,,,,,,,,,,,,,,,,,,,,
,,,,,  - ,,,,,,,,,,,,,,,,,,,,,,,,
,,,,,  - ,,,,,,,,,,,,,,,,,,,,,,,,
,,,,,  - ,,,,,,,,,,,,,,,,,,,,,,,,
,,,,,  - ,,,,,,,,,,,,,,,,,,,,,,,,
,,,,,  - ,,,,,,,,,,,,,,,,,,,,,,,,
,,,,,  - ,,,,,,,,,,,,,,,,,,,,,,,,
,,,,,  - ,,,,,,,,,,,,,,,,,,,,,,,,
,,,,,  - ,,,,,,,,,,,,,,,,,,,,,,,,
,,,,,  - ,,,,,,,,,,,,,,,,,,,,,,,,
,,,,,  - ,,,,,,,,,,,,,,,,,,,,,,,,
,,,,,  - ,,,,,,,,,,,,,,,,,,,,,,,,
,,,,,  - ,,,,,,,,,,,,,,,,,,,,,,,,
,,,,,  - ,,,,,,,,,,,,,,,,,,,,,,,,
,,,,,  - ,,,,,,,,,,,,,,,,,,,,,,,,
,,,,,  - ,,,,,,,,,,,,,,,,,,,,,,,,
,,,,,  - ,,,,,,,,,,,,,,,,,,,,,,,,
,,,,,  - ,,,,,,,,,,,,,,,,,,,,,,,,
,,,,,  - ,,,,,,,,,,,,,,,,,,,,,,,,
,,,,,  - ,,,,,,,,,,,,,,,,,,,,,,,,
,,,,,  - ,,,,,,,,,,,,,,,,,,,,,,,,
,,,,,  - ,,,,,,,,,,,,,,,,,,,,,,,,
,,,,,  - ,,,,,,,,,,,,,,,,,,,,,,,,
,,,,,  - ,,,,,,,,,,,,,,,,,,,,,,,,
,,,,,  - ,,,,,,,,,,,,,,,,,,,,,,,,
,,,,,  - ,,,,,,,,,,,,,,,,,,,,,,,,
,,,,,  - ,,,,,,,,,,,,,,,,,,,,,,,,
,,,,,  - ,,,,,,,,,,,,,,,,,,,,,,,,
,,,,,  - ,,,,,,,,,,,,,,,,,,,,,,,,
,,,,,  - ,,,,,,,,,,,,,,,,,,,,,,,,
,,,,,  - ,,,,,,,,,,,,,,,,,,,,,,,,
,,,,,  - ,,,,,,,,,,,,,,,,,,,,,,,,
,,,,,  - ,,,,,,,,,,,,,,,,,,,,,,,,
,,,,,  - ,,,,,,,,,,,,,,,,,,,,,,,,
,,,,,  - ,,,,,,,,,,,,,,,,,,,,,,,,
,,,,,  - ,,,,,,,,,,,,,,,,,,,,,,,,
,,,,,  - ,,,,,,,,,,,,,,,,,,,,,,,,
,,,,,  - ,,,,,,,,,,,,,,,,,,,,,,,,
,,,,,  - ,,,,,,,,,,,,,,,,,,,,,,,,
,,,,,  - ,,,,,,,,,,,,,,,,,,,,,,,,
,,,,,  - ,,,,,,,,,,,,,,,,,,,,,,,,
,,,,,  - ,,,,,,,,,,,,,,,,,,,,,,,,
,,,,,  - ,,,,,,,,,,,,,,,,,,,,,,,,
,,,,,  - ,,,,,,,,,,,,,,,,,,,,,,,,
,,,,,  - ,,,,,,,,,,,,,,,,,,,,,,,,
,,,,,  - ,,,,,,,,,,,,,,,,,,,,,,,,
,,,,,  - ,,,,,,,,,,,,,,,,,,,,,,,,
,,,,,  - ,,,,,,,,,,,,,,,,,,,,,,,,
,,,,,  - ,,,,,,,,,,,,,,,,,,,,,,,,
,,,,,  - ,,,,,,,,,,,,,,,,,,,,,,,,
,,,,,  - ,,,,,,,,,,,,,,,,,,,,,,,,
,,,,,  - ,,,,,,,,,,,,,,,,,,,,,,,,
,,,,,  - ,,,,,,,,,,,,,,,,,,,,,,,,
,,,,,  - ,,,,,,,,,,,,,,,,,,,,,,,,
,,,,,  - ,,,,,,,,,,,,,,,,,,,,,,,,
,,,,,  - ,,,,,,,,,,,,,,,,,,,,,,,,
,,,,,  - ,,,,,,,,,,,,,,,,,,,,,,,,
,,,,,  - ,,,,,,,,,,,,,,,,,,,,,,,,
,,,,,  - ,,,,,,,,,,,,,,,,,,,,,,,,
,,,,,  - ,,,,,,,,,,,,,,,,,,,,,,,,
,,,,,  - ,,,,,,,,,,,,,,,,,,,,,,,,
,,,,,  - ,,,,,,,,,,,,,,,,,,,,,,,,
,,,,,  - ,,,,,,,,,,,,,,,,,,,,,,,,
,,,,,  - ,,,,,,,,,,,,,,,,,,,,,,,,
,,,,,  - ,,,,,,,,,,,,,,,,,,,,,,,,
,,,,,  - ,,,,,,,,,,,,,,,,,,,,,,,,
,,,,,  - ,,,,,,,,,,,,,,,,,,,,,,,,
,,,,,  - ,,,,,,,,,,,,,,,,,,,,,,,,
,,,,,  - ,,,,,,,,,,,,,,,,,,,,,,,,
,,,,,  - ,,,,,,,,,,,,,,,,,,,,,,,,
,,,,,  - ,,,,,,,,,,,,,,,,,,,,,,,,
,,,,,  - ,,,,,,,,,,,,,,,,,,,,,,,,
,,,,,  - ,,,,,,,,,,,,,,,,,,,,,,,,
,,,,,  - ,,,,,,,,,,,,,,,,,,,,,,,,
,,,,,  - ,,,,,,,,,,,,,,,,,,,,,,,,
,,,,,  - ,,,,,,,,,,,,,,,,,,,,,,,,
,,,,,  - ,,,,,,,,,,,,,,,,,,,,,,,,
,,,,,  - ,,,,,,,,,,,,,,,,,,,,,,,,
,,,,,  - ,,,,,,,,,,,,,,,,,,,,,,,,
,,,,,  - ,,,,,,,,,,,,,,,,,,,,,,,,
,,,,,  - ,,,,,,,,,,,,,,,,,,,,,,,,
,,,,,  - ,,,,,,,,,,,,,,,,,,,,,,,,
,,,,,  - ,,,,,,,,,,,,,,,,,,,,,,,,
,,,,,  - ,,,,,,,,,,,,,,,,,,,,,,,,
,,,,,  - ,,,,,,,,,,,,,,,,,,,,,,,,
,,,,,  - ,,,,,,,,,,,,,,,,,,,,,,,,
,,,,,  - ,,,,,,,,,,,,,,,,,,,,,,,,
,,,,,  - ,,,,,,,,,,,,,,,,,,,,,,,,
,,,,,  - ,,,,,,,,,,,,,,,,,,,,,,,,
,,,,,  - ,,,,,,,,,,,,,,,,,,,,,,,,
,,,,,  - ,,,,,,,,,,,,,,,,,,,,,,,,
,,,,,  - ,,,,,,,,,,,,,,,,,,,,,,,,
,,,,,  - ,,,,,,,,,,,,,,,,,,,,,,,,
,,,,,  - ,,,,,,,,,,,,,,,,,,,,,,,,
,,,,,  - ,,,,,,,,,,,,,,,,,,,,,,,,
,,,,,  - ,,,,,,,,,,,,,,,,,,,,,,,,
,,,,,  - ,,,,,,,,,,,,,,,,,,,,,,,,
,,,,,  - ,,,,,,,,,,,,,,,,,,,,,,,,
,,,,,  - ,,,,,,,,,,,,,,,,,,,,,,,,
,,,,,  - ,,,,,,,,,,,,,,,,,,,,,,,,
,,,,,  - ,,,,,,,,,,,,,,,,,,,,,,,,
,,,,,  - ,,,,,,,,,,,,,,,,,,,,,,,,
,,,,,  - ,,,,,,,,,,,,,,,,,,,,,,,,
,,,,,  - ,,,,,,,,,,,,,,,,,,,,,,,,
,,,,,  - ,,,,,,,,,,,,,,,,,,,,,,,,
,,,,,  - ,,,,,,,,,,,,,,,,,,,,,,,,
,,,,,  - ,,,,,,,,,,,,,,,,,,,,,,,,
,,,,,  - ,,,,,,,,,,,,,,,,,,,,,,,,
,,,,,  - ,,,,,,,,,,,,,,,,,,,,,,,,
,,,,,  - ,,,,,,,,,,,,,,,,,,,,,,,,
,,,,,  - ,,,,,,,,,,,,,,,,,,,,,,,,
,,,,,  - ,,,,,,,,,,,,,,,,,,,,,,,,
,,,,,  - ,,,,,,,,,,,,,,,,,,,,,,,,
,,,,,  - ,,,,,,,,,,,,,,,,,,,,,,,,
,,,,,  - ,,,,,,,,,,,,,,,,,,,,,,,,
,,,,,  - ,,,,,,,,,,,,,,,,,,,,,,,,
,,,,,  - ,,,,,,,,,,,,,,,,,,,,,,,,
,,,,,  - ,,,,,,,,,,,,,,,,,,,,,,,,
,,,,,  - ,,,,,,,,,,,,,,,,,,,,,,,,
,,,,,  - ,,,,,,,,,,,,,,,,,,,,,,,,
,,,,,  - ,,,,,,,,,,,,,,,,,,,,,,,,
,,,,,  - ,,,,,,,,,,,,,,,,,,,,,,,,
,,,,,  - ,,,,,,,,,,,,,,,,,,,,,,,,
,,,,,  - ,,,,,,,,,,,,,,,,,,,,,,,,
,,,,,  - ,,,,,,,,,,,,,,,,,,,,,,,,
,,,,,  - ,,,,,,,,,,,,,,,,,,,,,,,,
,,,,,  - ,,,,,,,,,,,,,,,,,,,,,,,,
,,,,,  - ,,,,,,,,,,,,,,,,,,,,,,,,
,,,,,  - ,,,,,,,,,,,,,,,,,,,,,,,,
,,,,,  - ,,,,,,,,,,,,,,,,,,,,,,,,
,,,,,  - ,,,,,,,,,,,,,,,,,,,,,,,,
,,,,,  - ,,,,,,,,,,,,,,,,,,,,,,,,
,,,,,  - ,,,,,,,,,,,,,,,,,,,,,,,,
,,,,,  - ,,,,,,,,,,,,,,,,,,,,,,,,
,,,,,  - ,,,,,,,,,,,,,,,,,,,,,,,,
,,,,,  - ,,,,,,,,,,,,,,,,,,,,,,,,
,,,,,  - ,,,,,,,,,,,,,,,,,,,,,,,,
,,,,,  - ,,,,,,,,,,,,,,,,,,,,,,,,
,,,,,  - ,,,,,,,,,,,,,,,,,,,,,,,,
,,,,,  - ,,,,,,,,,,,,,,,,,,,,,,,,
,,,,,  - ,,,,,,,,,,,,,,,,,,,,,,,,
,,,,,  - ,,,,,,,,,,,,,,,,,,,,,,,,
,,,,,  - ,,,,,,,,,,,,,,,,,,,,,,,,
,,,,,  - ,,,,,,,,,,,,,,,,,,,,,,,,
,,,,,  - ,,,,,,,,,,,,,,,,,,,,,,,,
,,,,,  - ,,,,,,,,,,,,,,,,,,,,,,,,
,,,,,  - ,,,,,,,,,,,,,,,,,,,,,,,,
,,,,,  - ,,,,,,,,,,,,,,,,,,,,,,,,
,,,,,  - ,,,,,,,,,,,,,,,,,,,,,,,,
,,,,,  - ,,,,,,,,,,,,,,,,,,,,,,,,
,,,,,  - ,,,,,,,,,,,,,,,,,,,,,,,,
,,,,,  - ,,,,,,,,,,,,,,,,,,,,,,,,
,,,,,  - ,,,,,,,,,,,,,,,,,,,,,,,,
,,,,,  - ,,,,,,,,,,,,,,,,,,,,,,,,
,,,,,  - ,,,,,,,,,,,,,,,,,,,,,,,,
,,,,,  - ,,,,,,,,,,,,,,,,,,,,,,,,
,,,,,  - ,,,,,,,,,,,,,,,,,,,,,,,,
,,,,,  - ,,,,,,,,,,,,,,,,,,,,,,,,
,,,,,  - ,,,,,,,,,,,,,,,,,,,,,,,,
,,,,,  - ,,,,,,,,,,,,,,,,,,,,,,,,
,,,,,  - ,,,,,,,,,,,,,,,,,,,,,,,,
,,,,,  - ,,,,,,,,,,,,,,,,,,,,,,,,
,,,,,  - ,,,,,,,,,,,,,,,,,,,,,,,,
,,,,,  - ,,,,,,,,,,,,,,,,,,,,,,,,
,,,,,  - ,,,,,,,,,,,,,,,,,,,,,,,,
,,,,,  - ,,,,,,,,,,,,,,,,,,,,,,,,
,,,,,  - ,,,,,,,,,,,,,,,,,,,,,,,,
,,,,,  - ,,,,,,,,,,,,,,,,,,,,,,,,
,,,,,  - ,,,,,,,,,,,,,,,,,,,,,,,,
,,,,,  - ,,,,,,,,,,,,,,,,,,,,,,,,
,,,,,  - ,,,,,,,,,,,,,,,,,,,,,,,,
,,,,,  - ,,,,,,,,,,,,,,,,,,,,,,,,
,,,,,  - ,,,,,,,,,,,,,,,,,,,,,,,,
,,,,,  - ,,,,,,,,,,,,,,,,,,,,,,,,
,,,,,  - ,,,,,,,,,,,,,,,,,,,,,,,,
,,,,,  - ,,,,,,,,,,,,,,,,,,,,,,,,
,,,,,  - ,,,,,,,,,,,,,,,,,,,,,,,,
,,,,,  - ,,,,,,,,,,,,,,,,,,,,,,,,
,,,,,  - ,,,,,,,,,,,,,,,,,,,,,,,,
,,,,,  - ,,,,,,,,,,,,,,,,,,,,,,,,
,,,,,  - ,,,,,,,,,,,,,,,,,,,,,,,,
,,,,,  - ,,,,,,,,,,,,,,,,,,,,,,,,
,,,,,  - ,,,,,,,,,,,,,,,,,,,,,,,,
,,,,,  - ,,,,,,,,,,,,,,,,,,,,,,,,
,,,,,  - ,,,,,,,,,,,,,,,,,,,,,,,,
,,,,,  - ,,,,,,,,,,,,,,,,,,,,,,,,
,,,,,  - ,,,,,,,,,,,,,,,,,,,,,,,,
,,,,,  - ,,,,,,,,,,,,,,,,,,,,,,,,
,,,,,  - ,,,,,,,,,,,,,,,,,,,,,,,,
,,,,,  - ,,,,,,,,,,,,,,,,,,,,,,,,
,,,,,  - ,,,,,,,,,,,,,,,,,,,,,,,,
,,,,,  - ,,,,,,,,,,,,,,,,,,,,,,,,
,,,,,  - ,,,,,,,,,,,,,,,,,,,,,,,,
,,,,,  - ,,,,,,,,,,,,,,,,,,,,,,,,
,,,,,  - ,,,,,,,,,,,,,,,,,,,,,,,,
,,,,,  - ,,,,,,,,,,,,,,,,,,,,,,,,
,,,,,  - ,,,,,,,,,,,,,,,,,,,,,,,,
,,,,,  - ,,,,,,,,,,,,,,,,,,,,,,,,
,,,,,  - ,,,,,,,,,,,,,,,,,,,,,,,,
,,,,,  - ,,,,,,,,,,,,,,,,,,,,,,,,
,,,,,  - ,,,,,,,,,,,,,,,,,,,,,,,,
,,,,,  - ,,,,,,,,,,,,,,,,,,,,,,,,
,,,,,  - ,,,,,,,,,,,,,,,,,,,,,,,,
,,,,,  - ,,,,,,,,,,,,,,,,,,,,,,,,
,,,,,  - ,,,,,,,,,,,,,,,,,,,,,,,,
,,,,,  - ,,,,,,,,,,,,,,,,,,,,,,,,
,,,,,  - ,,,,,,,,,,,,,,,,,,,,,,,,
,,,,,  - ,,,,,,,,,,,,,,,,,,,,,,,,
,,,,,  - ,,,,,,,,,,,,,,,,,,,,,,,,
,,,,,  - ,,,,,,,,,,,,,,,,,,,,,,,,
,,,,,  - ,,,,,,,,,,,,,,,,,,,,,,,,
,,,,,  - ,,,,,,,,,,,,,,,,,,,,,,,,
,,,,,  - ,,,,,,,,,,,,,,,,,,,,,,,,
,,,,,  - ,,,,,,,,,,,,,,,,,,,,,,,,
,,,,,  - ,,,,,,,,,,,,,,,,,,,,,,,,
,,,,,  - ,,,,,,,,,,,,,,,,,,,,,,,,
,,,,,  - ,,,,,,,,,,,,,,,,,,,,,,,,
,,,,,  - ,,,,,,,,,,,,,,,,,,,,,,,,
,,,,,  - ,,,,,,,,,,,,,,,,,,,,,,,,
,,,,,  - ,,,,,,,,,,,,,,,,,,,,,,,,
,,,,,  - ,,,,,,,,,,,,,,,,,,,,,,,,
,,,,,  - ,,,,,,,,,,,,,,,,,,,,,,,,
,,,,,  - ,,,,,,,,,,,,,,,,,,,,,,,,
,,,,,  - ,,,,,,,,,,,,,,,,,,,,,,,,
,,,,,  - ,,,,,,,,,,,,,,,,,,,,,,,,
,,,,,  - ,,,,,,,,,,,,,,,,,,,,,,,,
,,,,,  - ,,,,,,,,,,,,,,,,,,,,,,,,
,,,,,  - ,,,,,,,,,,,,,,,,,,,,,,,,
,,,,,  - ,,,,,,,,,,,,,,,,,,,,,,,,
,,,,,  - ,,,,,,,,,,,,,,,,,,,,,,,,
,,,,,  - ,,,,,,,,,,,,,,,,,,,,,,,,
,,,,,  - ,,,,,,,,,,,,,,,,,,,,,,,,
,,,,,  - ,,,,,,,,,,,,,,,,,,,,,,,,
,,,,,  - ,,,,,,,,,,,,,,,,,,,,,,,,
,,,,,  - ,,,,,,,,,,,,,,,,,,,,,,,,
,,,,,  - ,,,,,,,,,,,,,,,,,,,,,,,,
,  JUMLAH  ,,,,"  2,194,587,536 ","  83,056,611 ",,"  6,075,350 ","  10,220,000 ","  1,115,690,450 ",  - ,"  259,521,453 ","  281,250,000 ","  14,833,172 ","  101,840,000 ",,"  253,556,000 ",  - ,  - ,  - ,  - ,  - ,  - ,,,,,,
,,,,,,,,,,,,,,,,,,,,,,,,,,,,,
,,,,,"  30,369,784 ",,,,,,,,,,,,,,,,,,,,,,,,
,,,,,"  2,164,217,752 ",,,,,,,,,,,,,,,,,,,,,,,,
,,,,,"  57,841,859 ",,,,,,,,,,,,,,,,,,,,,,,,
,,,,,"  27,472,075 ",,,,,,,,,,,,,,,,,,,,,,,,
,, ,,,"  2,224,957,320 ",,,,,,,,,,,,,,,,,,,,,,,,